<?xml version="1.0" encoding="UTF-8"?>
<rss version="2.0" xmlns:atom="http://www.w3.org/2005/Atom">
   <channel>
      <title><![CDATA[Najnowsze wiadomości - TVN24]]></title>
      <description><![CDATA[Czytaj najnowsze wiadomości z kraju i ze świata oraz oglądaj wideo w portalu TVN24! U nas zawsze najświeższe informacje, unikalne wideo, relacje na żywo.]]></description>
      <link>https://tvn24.pl/najnowsze/</link>
      <language>pl</language>
      <copyright>TVN</copyright>
      <lastBuildDate>2020-11-08T18:11:46.000Z</lastBuildDate>
      <item>
    <title><![CDATA[Druga żona, pierwsza dama. "Zwróciła mi życie". Kim jest Jill Biden?]]></title>
    <link>https://tvn24.pl/wybory-prezydenckie-2020-w-usa/wybory-prezydenckie-w-usa-2020-kim-jest-jill-biden-przyszla-pierwsza-dama-zona-joe-bidena-4745797?source=rss</link>
    <description>
    <![CDATA[
    <img src="https://tvn24.pl/najnowsze/cdn-zdjecie-jxja5x-joe-biden-z-zona-jill-4745388/alternates/LANDSCAPE_1280" alt="Druga żona, pierwsza dama. "Zwróciła mi życie". Kim jest Jill Biden?" />
    Jeśli potwierdzą się przewidywania największych amerykańskich mediów i Joe Biden zostanie 46. prezydentem USA, to Jill Biden stanie u jego boku jako pierwsza dama Stanów Zjednoczonych. Biały Dom nie jest dla niej ziemią nieznaną, była już drugą damą w czasie, gdy jej mąż pełnił funkcję wiceprezydenta. Dla obojga jest to drugie małżeństwo, poznali się na randce w ciemno.
    ]]>
    </description>
    <pubDate>2020-11-08T18:11:46.000Z</pubDate>
    <guid>https://tvn24.pl/wybory-prezydenckie-2020-w-usa/wybory-prezydenckie-w-usa-2020-kim-jest-jill-biden-przyszla-pierwsza-dama-zona-joe-bidena-4745797</guid>
</item><item>
    <title><![CDATA[Miss Białorusi, medalista olimpijski i mistrz kick-boxingu wśród zatrzymanych podczas protestu w Mińsku]]></title>
    <link>https://tvn24.pl/swiat/protesty-na-bialorusi-przeciwko-alaksandrowi-lukaszence-wsrod-zatrzymanych-byla-miss-bialorusi-znani-sportowcy-i-dziennikarze-4745806?source=rss</link>
    <description>
    <![CDATA[
    <img src="https://tvn24.pl/najnowsze/cdn-zdjecie-7i0079-wolha-chizynkowa-zostala-w-2008-roku-miss-bialorusi-4745810/alternates/LANDSCAPE_1280" alt="Miss Białorusi, medalista olimpijski i mistrz kick-boxingu wśród zatrzymanych podczas protestu w Mińsku" />
    "Największe represje polityczne w Europie w ciągu ostatnich 40 lat" 
    ]]>
    </description>
    <pubDate>2020-11-08T17:14:40.000Z</pubDate>
    <guid>https://tvn24.pl/swiat/protesty-na-bialorusi-przeciwko-alaksandrowi-lukaszence-wsrod-zatrzymanych-byla-miss-bialorusi-znani-sportowcy-i-dziennikarze-4745806</guid>
</item><item>
    <title><![CDATA[Gorbaczow zabrał głos w sprawie Bidena. Były przywódca ZSRR: on zdaje sobie sprawę z wagi relacji z Rosją]]></title>
    <link>https://tvn24.pl/wybory-prezydenckie-2020-w-usa/wybory-prezydenckie-2020-w-usa-joe-biden-kontra-donald-trump-relacja-na-zywo-z-8-listopada-4744590?source=rss</link>
    <description>
    <![CDATA[
    <img src="https://tvn24.pl/najnowsze/cdn-zdjecie-0ecmqw-barack-obama-joe-biden-i-michail-gorbaczow-w-2009-roku-4745821/alternates/LANDSCAPE_1280" alt="Gorbaczow zabrał głos w sprawie Bidena. Były przywódca ZSRR: on zdaje sobie sprawę z wagi relacji z Rosją" />
    Joe Biden został w sobotę ogłoszony przez amerykańskie media zwycięzcą wyborów prezydenckich w USA. W trzech stanach - Karolinie Północnej, Arizonie i Georgii - wciąż jest zbyt mała różnica głosów pomiędzy kandydatami, by wskazać zwycięzcę. W ostatnim z nich rośnie przewaga demokraty. Ponad pięć tysięcy głosów oddanych w tym stanie zostało jednak przekazanych do weryfikacji. Śledź przebieg amerykańskich wyborów z TVN24 i portalem tvn24.pl.
    ]]>
    </description>
    <pubDate>2020-11-08T16:56:00.000Z</pubDate>
    <guid>https://tvn24.pl/wybory-prezydenckie-2020-w-usa/wybory-prezydenckie-2020-w-usa-joe-biden-kontra-donald-trump-relacja-na-zywo-z-8-listopada-4744590</guid>
</item><item>
    <title><![CDATA[Była modelką, bizneswoman, doradcą prezydenta. Co czeka "pierwszą córkę" po opuszczeniu Białego Domu?]]></title>
    <link>https://tvn24.pl/wybory-prezydenckie-2020-w-usa/wybory-prezydenckie-usa-2020-ivanka-trump-co-czeka-corke-donalda-trumpa-4745768?source=rss</link>
    <description>
    <![CDATA[
    <img src="https://tvn24.pl/najnowsze/cdn-zdjecie-jvuuqg-ivanka-trump-4745760/alternates/LANDSCAPE_1280" alt="Była modelką, bizneswoman, doradcą prezydenta. Co czeka "pierwszą córkę" po opuszczeniu Białego Domu?" />
    Własne reality show czy lukratywny kontrakt na autobiografię? Brytyjski "The Guardian" przewiduje, że Ivanka Trump, córka prezydenta Stanów Zjednoczonych, nie będzie narzekała na brak ofert pracy, jeśli rodzina opuści w styczniu Biały Dom.
    ]]>
    </description>
    <pubDate>2020-11-08T16:48:23.000Z</pubDate>
    <guid>https://tvn24.pl/wybory-prezydenckie-2020-w-usa/wybory-prezydenckie-usa-2020-ivanka-trump-co-czeka-corke-donalda-trumpa-4745768</guid>
</item><item>
    <title><![CDATA[Królowa Elżbieta po raz pierwszy pokazała się w maseczce]]></title>
    <link>https://tvn24.pl/swiat/wielka-brytania-krolowa-elzbieta-ii-po-raz-pierwszy-pokazala-sie-w-maseczce-4745719?source=rss</link>
    <description>
    <![CDATA[
    <img src="https://tvn24.pl/najnowsze/cdn-zdjecie-lc810y-krolowa-elzbieta-ii-pokazala-sie-w-maseczce-podczas-prywatnej-modlitwy-przed-grobem-nieznanego-zolnierza-w-opactwie-westminsterskim-4745744/alternates/LANDSCAPE_1280" alt="Królowa Elżbieta po raz pierwszy pokazała się w maseczce" />
    Brytyjska królowa Elżbieta II po raz pierwszy pokazała się publicznie w maseczce osłaniającej nos i usta. Było to w środę, podczas prywatnej modlitwy przed Grobem Nieznanego Żołnierza w Opactwie Westminsterskim.
    ]]>
    </description>
    <pubDate>2020-11-08T16:03:51.000Z</pubDate>
    <guid>https://tvn24.pl/swiat/wielka-brytania-krolowa-elzbieta-ii-po-raz-pierwszy-pokazala-sie-w-maseczce-4745719</guid>
</item><item>
    <title><![CDATA[Mazowsze. Drogowcy projektują dwie nowe obwodnice]]></title>
    <link>https://tvn24.pl/tvnwarszawa/ulice/mazowsze-drogowcy-projektuja-dwie-nowe-obwodnice-4744703?source=rss</link>
    <description>
    <![CDATA[
    <img src="https://tvn24.pl/tvnwarszawa/najnowsze/cdn-zdjecie-go725m-drogowcy-projektuja-nowe-obwodnice-na-mazowszu-4744685/alternates/LANDSCAPE_1280" alt="Mazowsze. Drogowcy projektują dwie nowe obwodnice" />
    Generalna Dyrekcja Dróg Krajowych i Autostrad podpisała umowy na opracowanie studiów techniczno-ekonomiczno-środowiskowych dla dwóch obwodnic na Mazowszu - Siedlec i Sokołowa Podlaskiego. Inwestycje o łącznej długości około 25 kilometrów powstaną w ramach rządowego programu budowy 100 obwodnic.
    ]]>
    </description>
    <pubDate>2020-11-08T15:33:11.000Z</pubDate>
    <guid>https://tvn24.pl/tvnwarszawa/ulice/mazowsze-drogowcy-projektuja-dwie-nowe-obwodnice-4744703</guid>
</item><item>
    <title><![CDATA["To będzie coś wielkiego". Irlandzcy krewni Bidena świętują jego zwycięstwo]]></title>
    <link>https://tvn24.pl/wybory-prezydenckie-2020-w-usa/wybory-w-usa-w-irlandii-radosc-dalekich-krewnych-joe-bidena-4745696?source=rss</link>
    <description>
    <![CDATA[
    <img src="https://tvn24.pl/najnowsze/cdn-zdjecie-dakui1-krewni-joe-bidena-od-lewej-joe-blewitt-deirdre-blewitt-lauren-blewitt-emer-bourke-breege-bourke-i-brendan-blewitt-4745721/alternates/LANDSCAPE_1280" alt=""To będzie coś wielkiego". Irlandzcy krewni Bidena świętują jego zwycięstwo" />
    Jednym z miejsc poza USA, gdzie zapanowała największa radość w związku ze zwycięstwem Joe Bidena w wyborach, jest niewielka miejscowość Ballina w zachodniej Irlandii, skąd wywodzą się przodkowie prezydenta elekta - relacjonuje stacja BBC. Praprapradziadek prezydenta elekta wyjechał z Balliny do Ameryki podczas klęski głodu 170 lat temu.
    ]]>
    </description>
    <pubDate>2020-11-08T15:29:31.000Z</pubDate>
    <guid>https://tvn24.pl/wybory-prezydenckie-2020-w-usa/wybory-w-usa-w-irlandii-radosc-dalekich-krewnych-joe-bidena-4745696</guid>
</item><item>
    <title><![CDATA[Sąd Okręgowy utrzymał zakaz dla marszu narodowców. Organizatorzy złożyli zażalenie]]></title>
    <link>https://tvn24.pl/tvnwarszawa/najnowsze/sad-okregowy-utrzymal-zakaz-dla-marszu-narodowcow-organizatorzy-zlozyli-zazalenie-4745052?source=rss</link>
    <description>
    <![CDATA[
    <img src="https://tvn24.pl/tvnwarszawa/najnowsze/cdn-zdjecie-v65dqv-marsz-narodowcow-w-warszawie-1847314/alternates/LANDSCAPE_1280" alt="Sąd Okręgowy utrzymał zakaz dla marszu narodowców. Organizatorzy złożyli zażalenie" />
    Warszawski sąd okręgowy utrzymał w sobotę decyzję prezydenta stolicy o zakazie organizacji planowanego na 11 listopada Marszu Niepodległości. Postanowienie sądu jest nieprawomocne. Organizatorzy złożyli na nie w niedzielę zażalenie.
    ]]>
    </description>
    <pubDate>2020-11-07T16:11:58.000Z</pubDate>
    <guid>https://tvn24.pl/tvnwarszawa/najnowsze/sad-okregowy-utrzymal-zakaz-dla-marszu-narodowcow-organizatorzy-zlozyli-zazalenie-4745052</guid>
</item><item>
    <title><![CDATA["Chcemy szacunku dla ludzkiego pomyślunku"]]></title>
    <link>https://tvn24.pl/tvnwarszawa/najnowsze/warszawa-ludzie-psychologii-i-psychiatrii-wspierali-na-ulicy-strajk-kobiet--4745734?source=rss</link>
    <description>
    <![CDATA[
    <img src="https://tvn24.pl/tvnwarszawa/najnowsze/cdn-zdjecie-dhasfe-spacer-psychologow-i-psychiatrow-4745616/alternates/LANDSCAPE_1280" alt=""Chcemy szacunku dla ludzkiego pomyślunku"" />
    - Nikt nie może być prawnie zmuszony do trwania w traumatycznej sytuacji przekraczającej granice wytrzymałości psychicznej – piszą w liście otwartym psychiatrzy i psycholodzy. W niedzielę spotkali się przy Ministerstwie Zdrowia, by wspierać Strajk Kobiet.
    ]]>
    </description>
    <pubDate>2020-11-08T15:12:27.000Z</pubDate>
    <guid>https://tvn24.pl/tvnwarszawa/najnowsze/warszawa-ludzie-psychologii-i-psychiatrii-wspierali-na-ulicy-strajk-kobiet--4745734</guid>
</item><item>
    <title><![CDATA[Przyłbica chroni tak jak maseczka? Dzieci nie chorują na COVID-19? Odpowiada "Koronawirus Konkret24"]]></title>
    <link>https://tvn24.pl/polska/koronawirus-w-polsce-przylbica-chroni-jak-maseczka-odpowiada-doktor-pawel-grzesiowski-4737652?source=rss</link>
    <description>
    <![CDATA[
    <img src="https://tvn24.pl/najnowsze/cdn-zdjecie-wlgyej-doktor-pawel-grzesiowski-w-programie-koronawirus-konkret24-4744987/alternates/LANDSCAPE_1280" alt="Przyłbica chroni tak jak maseczka? Dzieci nie chorują na COVID-19? Odpowiada "Koronawirus Konkret24"" />
    Przyłbica tylko zasłania naszą twarz i usta, ale powietrze, które wdycham jest całkowicie niefiltrowane, więc przyłbica nie stanowi ochrony dróg oddechowych. Maseczka powoduje, że powietrze, którym oddycham jest filtrowane - tłumaczył w programie "Koronawirus Konkret24" doktor Paweł Grzesiowski. Ekspert Naczelnej Rady Lekarskiej odniósł się także do mitów dotyczących rzekomej możliwości uszkodzenia mózgu podczas wykonywania testu, testów typu "zrób to samo" oraz tego, czy najmłodsze dzieci nie chorują na COVID-19.
    ]]>
    </description>
    <pubDate>2020-11-08T15:00:00.000Z</pubDate>
    <guid>https://tvn24.pl/polska/koronawirus-w-polsce-przylbica-chroni-jak-maseczka-odpowiada-doktor-pawel-grzesiowski-4737652</guid>
</item>
    </channel>
</rss>