,,,,,,,,,,,,,,,,,,,,,,,
Data,Nowe przypadki,"Osoby z wynikiem neg. przy ponownym tescie, osoby zdublowane, osoby błędnie zaraportowane",Przyrost % nowych przypadków (od sumy potwerdzonych przypadków),Zmiana tygodniowa nowo wykrywanych przypadków w %,Przyrost % nowych przypadków (od aktywnych przypadków),Zmiana % liczby aktywnych przypadków (od aktywnych przypadków),Nowe zgony,Nowe wyzdrowienia,Zmiana liczby nieaktywnych przypadków,Zmiana liczby aktywnych przypadków,Suma potwierdzonych przypadków,Suma zgonów,Suma wyzdrowień,Liczba nieaktywnych przypadków,Liczba aktywnych przypadków,,% zgonów w przypadkach nieaktywnych,% wyzdrowień w przypadkach nieaktywnych,,% zgonów,% wyzdrowień,% nieaktywnych przypadków,% aktywnych przypadków
03.03,+ 0,0,n/a,"800,00%",↓,,0,0,0,+ 0,0,0,0,0,0,,↓,,,↓,,,
04.03,+ 1,0,n/a,,,,0,0,0,+ 1,1,0,0,0,1,,,,,,,,
05.03,+ 0,0,n/a,,,,0,0,0,+ 0,1,0,0,0,1,,,,,,,,
06.03,+ 4,0,"400,00%",,,,0,0,0,+ 4,5,0,0,0,5,,,,,,,,
07.03,+ 1,0,"20,00%",,,,0,0,0,+ 1,6,0,0,0,6,,,,,,,,
08.03,+ 5,0,"83,33%",,,,0,0,0,+ 5,11,0,0,0,11,,,,,,,,
09.03,+ 6,0,"54,55%",,,,0,0,0,+ 6,17,0,0,0,17,,,,,,,,
10.03,+ 5,0,"29,41%",,,,0,0,0,+ 5,22,0,0,0,22,,,,,,,,
11.03,+ 9,0,"40,91%",,,,0,0,0,+ 9,31,0,0,0,31,,,,,,,,
12.03,+ 20,0,"64,52%",n/a,,,+ 1,0,+ 1,+ 19,51,1,0,1,50,,,,,,,,
13.03,+ 17,0,"33,33%","325,00%",,,+ 1,0,+ 1,+ 16,68,2,0,2,66,,,,,,,,
14.03,+ 36,0,"52,94%","3500,00%",,,+ 1,0,+ 1,+ 35,104,3,0,3,101,,,,,,,,
15.03,+ 21,0,"20,19%","320,00%",,,0,0,0,+ 21,125,3,0,3,122,,,,,,,,
16.03,+ 52,0,"41,60%","766,67%",,,+ 1,0,+ 1,+ 51,177,4,0,4,173,,,,,,,,
17.03,+ 61,0,"34,46%","1120,00%",,,+ 1,+ 1,+ 2,+ 59,238,5,1,6,232,,,,,,,,
18.03,+ 49,0,"20,59%","444,44%",,,0,0,0,+ 49,287,5,1,6,281,,,,,,,,
19.03,+ 68,-2,"23,69%","240,00%",,,0,0,0,+ 68,355,5,1,6,349,,,,,,,,
20.03,+ 70,0,"19,72%","311,76%",,,0,0,0,+ 70,425,5,1,6,419,,,,,,,,
21.03,+ 111,0,"26,12%","208,33%",,,0,0,0,+ 111,536,5,1,6,530,,,,,,,,
22.03,+ 98,0,"18,28%","366,67%",,,+ 2,0,+ 2,+ 96,634,7,1,8,626,,,,,,,,
23.03,+ 115,-1,"18,14%","121,15%",,,+ 1,0,+ 1,+ 114,749,8,1,9,740,,,,,,,,
24.03,+ 152,0,"20,29%","149,18%",,,+ 2,0,+ 2,+ 150,901,10,1,11,890,,,,,,,,
25.03,+ 150,-1,"16,65%","206,12%",,,+ 3,0,+ 3,+ 147,1051,13,1,14,1037,,,,,,,,
26.03,+ 170,0,"16,18%","150,00%",,,+ 3,0,+ 3,+ 167,1221,16,1,17,1204,,,,,,,,
27.03,+ 168,0,"13,76%","140,00%",,,0,0,0,+ 168,1389,16,1,17,1372,,,,,,,,
28.03,+ 249,0,"17,93%","124,32%",,,+ 2,0,+ 2,+ 247,1638,18,1,19,1619,,,,,,,,
29.03,+ 224,0,"13,68%","128,57%",,,+ 4,0,+ 4,+ 220,1862,22,1,23,1839,,,,,,,,
30.03,+ 193,0,"10,37%","67,83%",,,+ 9,0,+ 9,+ 184,2055,31,1,32,2023,,,,,,,,
31.03,+ 256,0,"12,46%","68,42%",,,+ 2,0,+ 2,+ 254,2311,33,1,34,2277,,,,,,,,
01.04,+ 243,0,"10,51%","62,00%",,,+ 10,0,+ 10,+ 233,2554,43,1,44,2510,,,,,,,,
02.04,+ 392,0,"15,35%","130,59%",,,+ 14,0,+ 14,+ 378,2946,57,1,58,2888,,,,,,,,
03.04,+ 437,0,"14,83%","160,12%",,,+ 14,0,+ 14,+ 423,3383,71,1,72,3311,,,,,,,,
04.04,+ 244,0,"7,21%","-2,01%","7,37%","3,65%",+ 8,+ 115,+ 123,+ 121,3627,79,116,195,3432,,"40,51%","59,49%",,"2,18%","3,20%","5,38%","94,62%"
05.04,+ 475,0,"13,10%","112,05%","13,84%","12,88%",+ 15,+ 18,+ 33,+ 442,4102,94,134,228,3874,,"41,23%","58,77%",,"2,29%","3,27%","5,56%","94,44%"
06.04,+ 311,0,"7,58%","61,14%","8,03%","6,97%",+ 13,+ 28,+ 41,+ 270,4413,107,162,269,4144,,"39,78%","60,22%",,"2,42%","3,67%","6,10%","93,90%"
07.04,+ 435,0,"9,86%","69,92%","10,50%","9,27%",+ 22,+ 29,+ 51,+ 384,4848,129,191,320,4528,,"40,31%","59,69%",,"2,66%","3,94%","6,60%","93,40%"
08.04,+ 357,0,"7,36%","46,91%","7,88%","6,56%",+ 29,+ 31,+ 60,+ 297,5205,158,222,380,4825,,"41,58%","58,42%",,"3,04%","4,27%","7,30%","92,70%"
09.04,+ 370,0,"7,11%","-5,61%","7,67%","6,05%",+ 16,+ 62,+ 78,+ 292,5575,174,284,458,5117,,"37,99%","62,01%",,"3,12%","5,09%","8,22%","91,78%"
10.04,+ 380,0,"6,82%","-13,04%","7,43%","6,62%",+ 7,+ 34,+ 41,+ 339,5955,181,318,499,5456,,"36,27%","63,73%",,"3,04%","5,34%","8,38%","91,62%"
11.04,+ 401,0,"6,73%","64,34%","7,35%","5,81%",+ 27,+ 57,+ 84,+ 317,6356,208,375,583,5773,,"35,68%","64,32%",,"3,27%","5,90%","9,17%","90,83%"
12.04,+ 318,0,"5,00%","-33,05%","5,51%","3,98%",+ 24,+ 64,+ 88,+ 230,6674,232,439,671,6003,,"34,58%","65,42%",,"3,48%","6,58%","10,05%","89,95%"
13.04,+ 258,-2,"3,87%","-17,04%","4,30%","3,28%",+ 13,+ 48,+ 61,+ 197,6932,245,487,732,6200,,"33,47%","66,53%",,"3,53%","7,03%","10,56%","89,44%"
14.04,+ 270,0,"3,89%","-37,93%","4,35%","1,95%",+ 18,+ 131,+ 149,+ 121,7202,263,618,881,6321,,"29,85%","70,15%",,"3,65%","8,58%","12,23%","87,77%"
15.04,+ 380,0,"5,28%","6,44%","6,01%","4,86%",+ 23,+ 50,+ 73,+ 307,7582,286,668,954,6628,,"29,98%","70,02%",,"3,77%","8,81%","12,58%","87,42%"
16.04,+ 336,0,"4,43%","-9,19%","5,07%","3,05%",+ 28,+ 106,+ 134,+ 202,7918,314,774,1088,6830,,"28,86%","71,14%",,"3,97%","9,78%","13,74%","86,26%"
17.04,+ 457,-4,"5,77%","20,26%","6,69%","5,08%",+ 18,+ 92,+ 110,+ 347,8375,332,866,1198,7177,,"27,71%","72,29%",,"3,96%","10,34%","14,30%","85,70%"
18.04,+ 334,-29,"3,99%","-16,71%","4,65%","2,84%",+ 15,+ 115,+ 130,+ 204,8709,347,981,1328,7381,,"26,13%","73,87%",,"3,98%","11,26%","15,25%","84,75%"
19.04,+ 515,-30,"5,91%","61,95%","6,98%","6,00%",+ 13,+ 59,+ 72,+ 443,9224,360,1040,1400,7824,,"25,71%","74,29%",,"3,90%","11,27%","15,18%","84,82%"
20.04,+ 306,0,"3,32%","18,60%","3,91%","2,47%",+ 20,+ 93,+ 113,+ 193,9530,380,1133,1513,8017,,"25,12%","74,88%",,"3,99%","11,89%","15,88%","84,12%"
21.04,+ 263,0,"2,76%","-2,59%","3,28%","0,99%",+ 20,+ 164,+ 184,+ 79,9793,400,1297,1697,8096,,"23,57%","76,43%",,"4,08%","13,24%","17,33%","82,67%"
22.04,+ 313,0,"3,20%","-17,63%","3,87%","0,89%",+ 25,+ 216,+ 241,+ 72,10106,425,1513,1938,8168,,"21,93%","78,07%",,"4,21%","14,97%","19,18%","80,82%"
23.04,+ 342,0,"3,38%","1,79%","4,19%","1,07%",+ 28,+ 227,+ 255,+ 87,10448,453,1740,2193,8255,,"20,66%","79,34%",,"4,34%","16,65%","20,99%","79,01%"
24.04,+ 381,0,"3,65%","-16,63%","4,62%","1,66%",+ 40,+ 204,+ 244,+ 137,10829,493,1944,2437,8392,,"20,23%","79,77%",,"4,55%","17,95%","22,50%","77,50%"
25.04,+ 381,0,"3,52%","14,07%","4,54%","2,01%",+ 30,+ 182,+ 212,+ 169,11210,523,2126,2649,8561,,"19,74%","80,26%",,"4,67%","18,97%","23,63%","76,37%"
26.04,+ 344,0,"3,07%","-33,20%","4,02%","2,25%",+ 12,+ 139,+ 151,+ 193,11554,535,2265,2800,8754,,"19,11%","80,89%",,"4,63%","19,60%","24,23%","75,77%"
27.04,+ 285,0,"2,47%","-6,86%","3,26%","0,66%",+ 26,+ 201,+ 227,+ 58,11839,561,2466,3027,8812,,"18,53%","81,47%",,"4,74%","20,83%","25,57%","74,43%"
28.04,+ 316,0,"2,67%","20,15%","3,59%","1,06%",+ 34,+ 189,+ 223,+ 93,12155,595,2655,3250,8905,,"18,31%","81,69%",,"4,90%","21,84%","26,74%","73,26%"
29.04,+ 422,0,"3,47%","34,82%","4,74%","0,27%",+ 28,+ 370,+ 398,+ 24,12577,623,3025,3648,8929,,"17,08%","82,92%",,"4,95%","24,05%","29,01%","70,99%"
30.04,+ 300,0,"2,39%","-12,28%","3,36%","0,77%",+ 20,+ 211,+ 231,+ 69,12877,643,3236,3879,8998,,"16,58%","83,42%",,"4,99%","25,13%","30,12%","69,88%"
01.05,+ 228,0,"1,77%","-40,16%","2,53%","-0,38%",+ 7,+ 255,+ 262,-34,13105,650,3491,4141,8964,,"15,70%","84,30%",,"4,96%","26,64%","31,60%","68,40%"
02.05,+ 270,0,"2,06%","-29,13%","3,01%","-0,15%",+ 12,+ 271,+ 283,-13,13375,662,3762,4424,8951,,"14,96%","85,04%",,"4,95%","28,13%","33,08%","66,92%"
03.05,+ 318,0,"2,38%","-7,56%","3,55%","1,34%",+ 15,+ 183,+ 198,+ 120,13693,677,3945,4622,9071,,"14,65%","85,35%",,"4,94%","28,81%","33,75%","66,25%"
04.05,+ 313,0,"2,29%","9,82%","3,45%","1,59%",+ 19,+ 150,+ 169,+ 144,14006,696,4095,4791,9215,,"14,53%","85,47%",,"4,97%","29,24%","34,21%","65,79%"
05.05,+ 406,-19,"2,90%","28,48%","4,41%","2,19%",+ 19,+ 185,+ 204,+ 202,14412,715,4280,4995,9417,,"14,31%","85,69%",,"4,96%","29,70%","34,66%","65,34%"
06.05,+ 311,0,"2,16%","-26,30%","3,30%","-0,87%",+ 18,+ 375,+ 393,-82,14723,733,4655,5388,9335,,"13,60%","86,40%",,"4,98%","31,62%","36,60%","63,40%"
07.05,+ 303,-21,"2,06%","1,00%","3,25%","0,79%",+ 22,+ 207,+ 229,+ 74,15026,755,4862,5617,9409,,"13,44%","86,56%",,"5,02%","32,36%","37,38%","62,62%"
08.05,+ 337,-3,"2,24%","47,81%","3,58%","-0,05%",+ 20,+ 322,+ 342,-5,15363,775,5184,5959,9404,,"13,01%","86,99%",,"5,04%","33,74%","38,79%","61,21%"
09.05,+ 288,0,"1,87%","6,67%","3,06%","0,28%",+ 9,+ 253,+ 262,+ 26,15651,784,5437,6221,9430,,"12,60%","87,40%",,"5,01%","34,74%","39,75%","60,25%"
10.05,+ 345,0,"2,20%","8,49%","3,66%","0,73%",+ 15,+ 261,+ 276,+ 69,15996,799,5698,6497,9499,,"12,30%","87,70%",,"4,99%","35,62%","40,62%","59,38%"
11.05,+ 330,0,"2,06%","5,43%","3,47%","2,12%",+ 11,+ 118,+ 129,+ 201,16326,810,5816,6626,9700,,"12,22%","87,78%",,"4,96%","35,62%","40,59%","59,41%"
12.05,+ 556,-39,"3,41%","36,95%","5,73%","2,20%",+ 28,+ 315,+ 343,+ 213,16882,838,6131,6969,9913,,"12,02%","87,98%",,"4,96%","36,32%","41,28%","58,72%"
13.05,+ 322,0,"1,91%","3,54%","3,25%","0,20%",+ 23,+ 279,+ 302,+ 20,17204,861,6410,7271,9933,,"11,84%","88,16%",,"5,00%","37,26%","42,26%","57,74%"
14.05,+ 411,0,"2,39%","35,64%","4,14%","1,04%",+ 22,+ 286,+ 308,+ 103,17615,883,6696,7579,10036,,"11,65%","88,35%",,"5,01%","38,01%","43,03%","56,97%"
15.05,+ 401,0,"2,28%","18,99%","4,00%","1,54%",+ 24,+ 222,+ 246,+ 155,18016,907,6918,7825,10191,,"11,59%","88,41%",,"5,03%","38,40%","43,43%","56,57%"
16.05,+ 241,0,"1,34%","-16,32%","2,36%","-0,24%",+ 8,+ 257,+ 265,-24,18257,915,7175,8090,10167,,"11,31%","88,69%",,"5,01%","39,30%","44,31%","55,69%"
17.05,+ 272,0,"1,49%","-21,16%","2,68%","-0,14%",+ 10,+ 276,+ 286,-14,18529,925,7451,8376,10153,,"11,04%","88,96%",,"4,99%","40,21%","45,20%","54,80%"
18.05,+ 356,0,"1,92%","7,88%","3,51%","1,65%",+ 11,+ 177,+ 188,+ 168,18885,936,7628,8564,10321,,"10,93%","89,07%",,"4,96%","40,39%","45,35%","54,65%"
19.05,+ 382,-1,"2,02%","-31,29%","3,70%","0,92%",+ 12,+ 275,+ 287,+ 95,19267,948,7903,8851,10416,,"10,71%","89,29%",,"4,92%","41,02%","45,94%","54,06%"
20.05,+ 471,0,"2,44%","46,27%","4,52%","1,70%",+ 14,+ 280,+ 294,+ 177,19738,962,8183,9145,10593,,"10,52%","89,48%",,"4,87%","41,46%","46,33%","53,67%"
21.05,+ 403,-2,"2,04%","-1,95%","3,80%","1,17%",+ 10,+ 269,+ 279,+ 124,20141,972,8452,9424,10717,,"10,31%","89,69%",,"4,83%","41,96%","46,79%","53,21%"
22.05,+ 471,-5,"2,34%","17,46%","4,39%","1,70%",+ 10,+ 279,+ 289,+ 182,20612,982,8731,9713,10899,,"10,11%","89,89%",,"4,76%","42,36%","47,12%","52,88%"
23.05,+ 315,-1,"1,53%","30,71%","2,89%","0,53%",+ 11,+ 246,+ 257,+ 58,20927,993,8977,9970,10957,,"9,96%","90,04%",,"4,75%","42,90%","47,64%","52,36%"
24.05,+ 361,-34,"1,73%","32,72%","3,29%","1,29%",+ 3,+ 217,+ 220,+ 141,21288,996,9194,10190,11098,,"9,77%","90,23%",,"4,68%","43,19%","47,87%","52,13%"
25.05,+ 341,0,"1,60%","-4,21%","3,07%","2,23%",+ 11,+ 82,+ 93,+ 248,21629,1007,9276,10283,11346,,"9,79%","90,21%",,"4,66%","42,89%","47,54%","52,46%"
26.05,+ 443,-2,"2,05%","15,97%","3,90%","-2,80%",+ 17,+ 744,+ 761,-318,22072,1024,10020,11044,11028,,"9,27%","90,73%",,"4,64%","45,40%","50,04%","49,96%"
27.05,+ 397,-2,"1,80%","-15,71%","3,60%","0,75%",+ 4,+ 310,+ 314,+ 83,22469,1028,10330,11358,11111,,"9,05%","90,95%",,"4,58%","45,97%","50,55%","49,45%"
28.05,+ 352,0,"1,57%","-12,66%","3,17%","1,01%",+ 10,+ 230,+ 240,+ 112,22821,1038,10560,11598,11223,,"8,95%","91,05%",,"4,55%","46,27%","50,82%","49,18%"
29.05,+ 332,-1,"1,45%","-29,51%","2,96%","1,67%",+ 13,+ 132,+ 145,+ 187,23153,1051,10692,11743,11410,,"8,95%","91,05%",,"4,54%","46,18%","50,72%","49,28%"
30.05,+ 412,-4,"1,78%","30,79%","3,61%","0,68%",+ 10,+ 324,+ 334,+ 78,23565,1061,11016,12077,11488,,"8,79%","91,21%",,"4,50%","46,75%","51,25%","48,75%"
31.05,+ 219,0,"0,93%","-39,34%","1,91%","-0,34%",+ 3,+ 255,+ 258,-39,23784,1064,11271,12335,11449,,"8,63%","91,37%",,"4,47%","47,39%","51,86%","48,14%"
01.06,+ 375,-5,"1,58%","9,97%","3,28%","1,63%",+ 10,+ 178,+ 188,+ 187,24159,1074,11449,12523,11636,,"8,58%","91,42%",,"4,45%","47,39%","51,84%","48,16%"
02.06,+ 236,0,"0,98%","-46,73%","2,03%","-0,51%",+ 18,+ 277,+ 295,-59,24395,1092,11726,12818,11577,,"8,52%","91,48%",,"4,48%","48,07%","52,54%","47,46%"
03.06,+ 292,0,"1,20%","-26,45%","2,52%","-0,16%",+ 23,+ 288,+ 311,-19,24687,1115,12014,13129,11558,,"8,49%","91,51%",,"4,52%","48,67%","53,18%","46,82%"
04.06,+ 361,0,"1,46%","2,56%","3,12%","1,26%",+ 2,+ 213,+ 215,+ 146,25048,1117,12227,13344,11704,,"8,37%","91,63%",,"4,46%","48,81%","53,27%","46,73%"
05.06,+ 362,0,"1,45%","9,04%","3,09%","1,36%",+ 20,+ 183,+ 203,+ 159,25410,1137,12410,13547,11863,,"8,39%","91,61%",,"4,47%","48,84%","53,31%","46,69%"
06.06,+ 576,0,"2,27%","39,81%","4,86%","2,79%",+ 14,+ 231,+ 245,+ 331,25986,1151,12641,13792,12194,,"8,35%","91,65%",,"4,43%","48,65%","53,07%","46,93%"
07.06,+ 575,0,"2,21%","162,56%","4,72%","2,93%",+ 4,+ 214,+ 218,+ 357,26561,1155,12855,14010,12551,,"8,24%","91,76%",,"4,35%","48,40%","52,75%","47,25%"
08.06,+ 599,0,"2,26%","59,73%","4,77%","3,56%",+ 9,+ 143,+ 152,+ 447,27160,1164,12998,14162,12998,,"8,22%","91,78%",,"4,29%","47,86%","52,14%","47,86%"
09.06,+ 400,0,"1,47%","69,49%","3,08%","1,41%",+ 19,+ 198,+ 217,+ 183,27560,1183,13196,14379,13181,,"8,23%","91,77%",,"4,29%","47,88%","52,17%","47,83%"
10.06,+ 282,0,"1,02%","-3,42%","2,14%","0,33%",+ 23,+ 215,+ 238,+ 44,27842,1206,13411,14617,13225,,"8,25%","91,75%",,"4,33%","48,17%","52,50%","47,50%"
11.06,+ 359,0,"1,29%","-0,55%","2,71%","0,49%",+ 9,+ 285,+ 294,+ 65,28201,1215,13696,14911,13290,,"8,15%","91,85%",,"4,31%","48,57%","52,87%","47,13%"
12.06,+ 376,0,"1,33%","3,87%","2,83%","1,96%",+ 7,+ 109,+ 116,+ 260,28577,1222,13805,15027,13550,,"8,13%","91,87%",,"4,28%","48,31%","52,58%","47,42%"
13.06,+ 440,0,"1,54%","-23,61%","3,25%","0,93%",+ 15,+ 299,+ 314,+ 126,29017,1237,14104,15341,13676,,"8,06%","91,94%",,"4,26%","48,61%","52,87%","47,13%"
14.06,+ 375,0,"1,29%","-34,78%","2,74%","1,78%",+ 10,+ 122,+ 132,+ 243,29392,1247,14226,15473,13919,,"8,06%","91,94%",,"4,24%","48,40%","52,64%","47,36%"
15.06,+ 396,0,"1,35%","-33,89%","2,85%","1,65%",+ 9,+ 157,+ 166,+ 230,29788,1256,14383,15639,14149,,"8,03%","91,97%",,"4,22%","48,28%","52,50%","47,50%"
16.06,+ 407,0,"1,37%","1,75%","2,88%","0,85%",+ 16,+ 271,+ 287,+ 120,30195,1272,14654,15926,14269,,"7,99%","92,01%",,"4,21%","48,53%","52,74%","47,26%"
17.06,+ 450,-56,"1,49%","59,57%","3,15%","1,18%",+ 14,+ 267,+ 281,+ 169,30645,1286,14921,16207,14438,,"7,93%","92,07%",,"4,20%","48,69%","52,89%","47,11%"
18.06,+ 314,0,"1,02%","-12,53%","2,17%","-0,78%",+ 30,+ 396,+ 426,-112,30959,1316,15317,16633,14326,,"7,91%","92,09%",,"4,25%","49,48%","53,73%","46,27%"
19.06,+ 352,0,"1,14%","-6,38%","2,46%","-0,33%",+ 18,+ 381,+ 399,-47,31311,1334,15698,17032,14279,,"7,83%","92,17%",,"4,26%","50,14%","54,40%","45,60%"
20.06,+ 309,0,"0,99%","-29,77%","2,16%","-1,30%",+ 12,+ 483,+ 495,-186,31620,1346,16181,17527,14093,,"7,68%","92,32%",,"4,26%","51,17%","55,43%","44,57%"
21.06,+ 311,0,"0,98%","-17,07%","2,21%","-1,43%",+ 10,+ 502,+ 512,-201,31931,1356,16683,18039,13892,,"7,52%","92,48%",,"4,25%","52,25%","56,49%","43,51%"
22.06,+ 296,0,"0,93%","-25,25%","2,13%","-0,72%",+ 3,+ 393,+ 396,-100,32227,1359,17076,18435,13792,,"7,37%","92,63%",,"4,22%","52,99%","57,20%","42,80%"
23.06,+ 300,0,"0,93%","-26,29%","2,18%","-1,54%",+ 16,+ 497,+ 513,-213,32527,1375,17573,18948,13579,,"7,26%","92,74%",,"4,23%","54,03%","58,25%","41,75%"
24.06,+ 294,0,"0,90%","-34,67%","2,17%","-2,12%",+ 21,+ 561,+ 582,-288,32821,1396,18134,19530,13291,,"7,15%","92,85%",,"4,25%","55,25%","59,50%","40,50%"
25.06,+ 289,-9,"0,88%","-7,96%","2,17%","-1,86%",+ 16,+ 520,+ 536,-247,33110,1412,18654,20066,13044,,"7,04%","92,96%",,"4,26%","56,34%","60,60%","39,40%"
26.06,+ 285,0,"0,86%","-19,03%","2,18%","-2,27%",+ 17,+ 564,+ 581,-296,33395,1429,19218,20647,12748,,"6,92%","93,08%",,"4,28%","57,55%","61,83%","38,17%"
27.06,+ 319,0,"0,96%","3,24%","2,50%","-3,46%",+ 6,+ 754,+ 760,-441,33714,1435,19972,21407,12307,,"6,70%","93,30%",,"4,26%","59,24%","63,50%","36,50%"
28.06,+ 193,0,"0,57%","-37,94%","1,57%","-3,14%",+ 4,+ 576,+ 580,-387,33907,1439,20548,21987,11920,,"6,54%","93,46%",,"4,24%","60,60%","64,85%","35,15%"
29.06,+ 247,0,"0,73%","-16,55%","2,07%","-0,91%",+ 6,+ 349,+ 355,-108,34154,1445,20897,22342,11812,,"6,47%","93,53%",,"4,23%","61,18%","65,42%","34,58%"
30.06,+ 239,0,"0,70%","-20,33%","2,02%","-1,39%",+ 19,+ 384,+ 403,-164,34393,1464,21281,22745,11648,,"6,44%","93,56%",,"4,26%","61,88%","66,13%","33,87%"
01.07,+ 382,0,"1,11%","29,93%","3,28%","-1,22%",+ 14,+ 510,+ 524,-142,34775,1478,21791,23269,11506,,"6,35%","93,65%",,"4,25%","62,66%","66,91%","33,09%"
02.07,+ 371,0,"1,07%","28,37%","3,22%","-0,54%",+ 15,+ 418,+ 433,-62,35146,1493,22209,23702,11444,,"6,30%","93,70%",,"4,25%","63,19%","67,44%","32,56%"
03.07,+ 259,0,"0,74%","-9,12%","2,26%","-1,72%",+ 14,+ 442,+ 456,-197,35405,1507,22651,24158,11247,,"6,24%","93,76%",,"4,26%","63,98%","68,23%","31,77%"
04.07,+ 314,0,"0,89%","-1,57%","2,79%","-1,48%",+ 4,+ 476,+ 480,-166,35719,1511,23127,24638,11081,,"6,13%","93,87%",,"4,23%","64,75%","68,98%","31,02%"
05.07,+ 231,0,"0,65%","19,69%","2,08%","-3,55%",+ 5,+ 619,+ 624,-393,35950,1516,23746,25262,10688,,"6,00%","94,00%",,"4,22%","66,05%","70,27%","29,73%"
06.07,+ 205,0,"0,57%","-17,00%","1,92%","-0,18%",+ 4,+ 220,+ 224,-19,36155,1520,23966,25486,10669,,"5,96%","94,04%",,"4,20%","66,29%","70,49%","29,51%"
07.07,+ 257,0,"0,71%","7,53%","2,41%","-0,21%",+ 7,+ 272,+ 279,-22,36412,1527,24238,25765,10647,,"5,93%","94,07%",,"4,19%","66,57%","70,76%","29,24%"
08.07,+ 277,0,"0,76%","-27,49%","2,60%","-3,55%",+ 15,+ 640,+ 655,-378,36689,1542,24878,26420,10269,,"5,84%","94,16%",,"4,20%","67,81%","72,01%","27,99%"
09.07,+ 262,0,"0,71%","-29,38%","2,55%","-3,37%",+ 9,+ 599,+ 608,-346,36951,1551,25477,27028,9923,,"5,74%","94,26%",,"4,20%","68,95%","73,15%","26,85%"
10.07,+ 265,0,"0,72%","2,32%","2,67%","-3,19%",+ 11,+ 571,+ 582,-317,37216,1562,26048,27610,9606,,"5,66%","94,34%",,"4,20%","69,99%","74,19%","25,81%"
11.07,+ 305,0,"0,82%","-2,87%","3,18%","-3,00%",+ 6,+ 587,+ 593,-288,37521,1568,26635,28203,9318,,"5,56%","94,44%",,"4,18%","70,99%","75,17%","24,83%"
12.07,+ 370,0,"0,99%","60,17%","3,97%","-1,57%",+ 3,+ 513,+ 516,-146,37891,1571,27148,28719,9172,,"5,47%","94,53%",,"4,15%","71,65%","75,79%","24,21%"
13.07,+ 299,0,"0,79%","45,85%","3,26%","-0,80%",+ 5,+ 367,+ 372,-73,38190,1576,27515,29091,9099,,"5,42%","94,58%",,"4,13%","72,05%","76,17%","23,83%"
14.07,+ 267,0,"0,70%","3,89%","2,93%","0,15%",+ 12,+ 241,+ 253,+ 14,38457,1588,27756,29344,9113,,"5,41%","94,59%",,"4,13%","72,17%","76,30%","23,70%"
15.07,+ 264,0,"0,69%","-4,69%","2,90%","-5,25%",+ 6,+ 736,+ 742,-478,38721,1594,28492,30086,8635,,"5,30%","94,70%",,"4,12%","73,58%","77,70%","22,30%"
16.07,+ 333,0,"0,86%","27,10%","3,86%","-1,31%",+ 10,+ 436,+ 446,-113,39054,1604,28928,30532,8522,,"5,25%","94,75%",,"4,11%","74,07%","78,18%","21,82%"
17.07,+ 353,0,"0,90%","33,21%","4,14%","-2,71%",+ 7,+ 577,+ 584,-231,39407,1611,29505,31116,8291,,"5,18%","94,82%",,"4,09%","74,87%","78,96%","21,04%"
18.07,+ 339,0,"0,86%","11,15%","4,09%","-1,04%",+ 6,+ 419,+ 425,-86,39746,1617,29924,31541,8205,,"5,13%","94,87%",,"4,07%","75,29%","79,36%","20,64%"
19.07,+ 358,0,"0,90%","-3,24%","4,36%","-0,20%",+ 6,+ 368,+ 374,-16,40104,1623,30292,31915,8189,,"5,09%","94,91%",,"4,05%","75,53%","79,58%","20,42%"
20.07,+ 279,0,"0,70%","-6,69%","3,41%","0,34%",+ 4,+ 247,+ 251,+ 28,40383,1627,30539,32166,8217,,"5,06%","94,94%",,"4,03%","75,62%","79,65%","20,35%"
21.07,+ 399,0,"0,99%","49,44%","4,86%","1,92%",+ 9,+ 232,+ 241,+ 158,40782,1636,30771,32407,8375,,"5,05%","94,95%",,"4,01%","75,45%","79,46%","20,54%"
22.07,+ 380,0,"0,93%","43,94%","4,54%","0,07%",+ 6,+ 368,+ 374,+ 6,41162,1642,31139,32781,8381,,"5,01%","94,99%",,"3,99%","75,65%","79,64%","20,36%"
23.07,+ 418,0,"1,02%","25,53%","4,99%","0,08%",+ 9,+ 402,+ 411,+ 7,41580,1651,31541,33192,8388,,"4,97%","95,03%",,"3,97%","75,86%","79,83%","20,17%"
24.07,+ 458,0,"1,10%","29,75%","5,46%","-0,02%",+ 4,+ 456,+ 460,-2,42038,1655,31997,33652,8386,,"4,92%","95,08%",,"3,94%","76,11%","80,05%","19,95%"
25.07,+ 584,0,"1,39%","72,27%","6,96%","1,82%",+ 9,+ 422,+ 431,+ 153,42622,1664,32419,34083,8539,,"4,88%","95,12%",,"3,90%","76,06%","79,97%","20,03%"
26.07,+ 443,0,"1,04%","23,74%","5,19%","1,19%",+ 7,+ 334,+ 341,+ 102,43065,1671,32753,34424,8641,,"4,85%","95,15%",,"3,88%","76,05%","79,93%","20,07%"
27.07,+ 337,0,"0,78%","20,79%","3,90%","2,65%",+ 5,+ 103,+ 108,+ 229,43402,1676,32856,34532,8870,,"4,85%","95,15%",,"3,86%","75,70%","79,56%","20,44%"
28.07,+ 502,0,"1,16%","25,81%","5,66%","3,48%",+ 6,+ 187,+ 193,+ 309,43904,1682,33043,34872,9032,,"4,82%","95,18%",,"3,83%","75,60%","79,43%","20,57%"
29.07,+ 512,0,"1,17%","34,74%","5,67%","3,91%",+ 12,+ 147,+ 159,+ 353,44416,1697,33190,34887,9632,,"4,86%","95,14%",,"3,81%","74,55%","78,36%","21,64%"
30.07,+ 615,0,"1,38%","47,13%","6,38%","1,53%",+ 15,+ 453,+ 468,+ 147,45031,1709,33643,35352,9679,,"4,83%","95,17%",,"3,80%","74,71%","78,51%","21,49%"
31.07,+ 657,0,"1,46%","43,45%","6,79%","3,16%",+ 7,+ 344,+ 351,+ 306,45688,1716,33987,35703,9985,,"4,81%","95,19%",,"3,76%","74,39%","78,15%","21,85%"
01.08,+ 658,0,"1,44%","12,67%","6,59%","2,66%",+ 5,+ 387,+ 392,+ 266,46346,1721,34374,36095,10251,,"4,77%","95,23%",,"3,71%","74,17%","77,88%","22,12%"
02.08,+ 548,0,"1,18%","23,70%","5,35%","1,98%",+ 10,+ 335,+ 345,+ 203,46894,1731,34709,36440,10454,,"4,75%","95,25%",,"3,69%","74,02%","77,71%","22,29%"
03.08,+ 575,0,"1,23%","70,62%","5,50%","3,85%",+ 1,+ 172,+ 173,+ 402,47469,1732,34881,36613,10856,,"4,73%","95,27%",,"3,65%","73,48%","77,13%","22,87%"
04.08,+ 680,0,"1,43%","35,46%","6,26%","4,60%",+ 6,+ 175,+ 181,+ 499,48149,1738,35056,36794,11355,,"4,72%","95,28%",,"3,61%","72,81%","76,42%","23,58%"
05.08,+ 640,0,"1,33%","25,00%","5,64%","3,14%",+ 18,+ 265,+ 283,+ 357,48789,1756,35321,37077,11712,,"4,74%","95,26%",,"3,60%","72,40%","75,99%","24,01%"
06.08,+ 726,0,"1,49%","18,05%","6,20%","3,30%",+ 18,+ 321,+ 339,+ 387,49515,1774,35642,37416,12099,,"4,74%","95,26%",,"3,58%","71,98%","75,56%","24,44%"
07.08,+ 809,0,"1,63%","23,14%","6,69%","3,28%",+ 13,+ 399,+ 412,+ 397,50324,1787,36041,37828,12496,,"4,72%","95,28%",,"3,55%","71,62%","75,17%","24,83%"
08.08,+ 843,0,"1,68%","28,12%","6,75%","3,75%",+ 13,+ 362,+ 375,+ 468,51167,1800,36403,38203,12964,,"4,71%","95,29%",,"3,52%","71,15%","74,66%","25,34%"
09.08,+ 624,0,"1,22%","13,87%","4,81%","2,54%",+ 7,+ 288,+ 295,+ 329,51791,1807,36691,38498,13293,,"4,69%","95,31%",,"3,49%","70,84%","74,33%","25,67%"
10.08,+ 619,0,"1,20%","7,65%","4,66%","3,24%",+ 2,+ 186,+ 188,+ 431,52410,1809,36877,38686,13724,,"4,68%","95,32%",,"3,45%","70,36%","73,81%","26,19%"
11.08,+ 551,0,"1,05%","-18,97%","4,01%","1,94%",+ 12,+ 273,+ 285,+ 266,52961,1821,37150,38971,13990,,"4,67%","95,33%",,"3,44%","70,15%","73,58%","26,42%"
12.08,+ 715,0,"1,35%","11,72%","5,11%","1,75%",+ 9,+ 461,+ 470,+ 245,53676,1830,37611,39441,14235,,"4,64%","95,36%",,"3,41%","70,07%","73,48%","26,52%"
13.08,+ 811,0,"1,51%","11,71%","5,70%","3,15%",+ 13,+ 350,+ 363,+ 448,54487,1843,37961,39804,14683,,"4,63%","95,37%",,"3,38%","69,67%","73,05%","26,95%"
14.08,+ 832,0,"1,53%","2,84%","5,67%","2,83%",+ 15,+ 401,+ 416,+ 416,55319,1858,38362,40220,15099,,"4,62%","95,38%",,"3,36%","69,35%","72,71%","27,29%"
15.08,+ 771,0,"1,39%","-8,54%","5,11%","1,78%",+ 11,+ 491,+ 502,+ 269,56090,1869,38853,40722,15368,,"4,59%","95,41%",,"3,33%","69,27%","72,60%","27,40%"
16.08,+ 594,0,"1,06%","-4,81%","3,87%","2,01%",+ 8,+ 277,+ 285,+ 309,56684,1877,39130,41007,15677,,"4,58%","95,42%",,"3,31%","69,03%","72,34%","27,66%"
17.08,+ 595,0,"1,05%","-3,88%","3,80%","2,28%",+ 8,+ 229,+ 237,+ 358,57279,1885,39359,41244,16035,,"4,57%","95,43%",,"3,29%","68,71%","72,01%","27,99%"
18.08,+ 597,0,"1,04%","8,35%","3,72%","1,88%",+ 11,+ 284,+ 295,+ 302,57876,1896,39643,41539,16337,,"4,56%","95,44%",,"3,28%","68,50%","71,77%","28,23%"
19.08,+ 735,0,"1,27%","2,80%","4,50%","1,60%",+ 17,+ 456,+ 473,+ 262,58611,1913,40099,42012,16599,,"4,55%","95,45%",,"3,26%","68,42%","71,68%","28,32%"
20.08,+ 767,0,"1,31%","-5,43%","4,62%","2,25%",+ 12,+ 382,+ 394,+ 373,59378,1925,40481,42406,16972,,"4,54%","95,46%",,"3,24%","68,18%","71,42%","28,58%"
21.08,+ 903,0,"1,52%","8,53%","5,32%","2,02%",+ 13,+ 548,+ 561,+ 342,60281,1938,41029,42967,17314,,"4,51%","95,49%",,"3,21%","68,06%","71,28%","28,72%"
22.08,+ 900,0,"1,49%","16,73%","5,20%","1,47%",+ 13,+ 632,+ 645,+ 255,61181,1951,41661,43612,17569,,"4,47%","95,53%",,"3,19%","68,09%","71,28%","28,72%"
23.08,+ 581,0,"0,95%","-2,19%","3,31%","0,31%",+ 4,+ 522,+ 526,+ 55,61762,1955,42183,44138,17624,,"4,43%","95,57%",,"3,17%","68,30%","71,46%","28,54%"
24.08,+ 548,0,"0,89%","-7,90%","3,11%","1,58%",+ 5,+ 265,+ 270,+ 278,62310,1960,42448,44408,17902,,"4,41%","95,59%",,"3,15%","68,12%","71,27%","28,73%"
25.08,+ 763,0,"1,22%","27,81%","4,26%","2,29%",+ 17,+ 336,+ 353,+ 410,63073,1977,42784,44761,18312,,"4,42%","95,58%",,"3,13%","67,83%","70,97%","29,03%"
26.08,+ 729,0,"1,16%","-0,82%","3,98%","0,53%",+ 17,+ 615,+ 632,+ 97,63802,1994,43399,45393,18409,,"4,39%","95,61%",,"3,13%","68,02%","71,15%","28,85%"
27.08,+ 887,0,"1,39%","15,65%","4,82%","0,95%",+ 15,+ 698,+ 713,+ 174,64689,2009,44097,46106,18583,,"4,36%","95,64%",,"3,11%","68,17%","71,27%","28,73%"
28.08,+ 791,0,"1,22%","-12,40%","4,26%","0,51%",+ 9,+ 688,+ 697,+ 94,65480,2018,44785,46803,18677,,"4,31%","95,69%",,"3,08%","68,39%","71,48%","28,52%"
29.08,+ 759,0,"1,16%","-15,67%","4,06%","-0,03%",+ 14,+ 751,+ 765,-6,66239,2032,45536,47568,18671,,"4,27%","95,73%",,"3,07%","68,74%","71,81%","28,19%"
30.08,+ 631,0,"0,95%","8,61%","3,38%","-0,14%",+ 1,+ 656,+ 657,-26,66870,2033,46192,48225,18645,,"4,22%","95,78%",,"3,04%","69,08%","72,12%","27,88%"
31.08,+ 502,0,"0,75%","-8,39%","2,69%","0,27%",+ 6,+ 446,+ 452,+ 50,67372,2039,46638,48677,18695,,"4,19%","95,81%",,"3,03%","69,22%","72,25%","27,75%"
01.09,+ 550,0,"0,82%","-27,92%","2,94%","0,74%",+ 19,+ 392,+ 411,+ 139,67922,2058,47030,49088,18834,,"4,19%","95,81%",,"3,03%","69,24%","72,27%","27,73%"
02.09,+ 595,0,"0,88%","-18,38%","3,16%","-1,38%",+ 20,+ 835,+ 855,-260,68517,2078,47865,49943,18574,,"4,16%","95,84%",,"3,03%","69,86%","72,89%","27,11%"
03.09,+ 612,0,"0,89%","-31,00%","3,29%","-0,70%",+ 14,+ 728,+ 742,-130,69129,2092,48593,50685,18444,,"4,13%","95,87%",,"3,03%","70,29%","73,32%","26,68%"
04.09,+ 691,0,"1,00%","-12,64%","3,75%","-2,95%",+ 8,+ 1227,+ 1235,-544,69820,2100,49820,51920,17900,,"4,04%","95,96%",,"3,01%","71,35%","74,36%","25,64%"
05.09,+ 567,0,"0,81%","-25,30%","3,17%","-11,02%",+ 13,+ 2526,+ 2539,-1 972,70387,2113,52346,54459,15928,,"3,88%","96,12%",,"3,00%","74,37%","77,37%","22,63%"
06.09,+ 437,0,"0,62%","-30,74%","2,74%","-9,29%",+ 7,+ 1910,+ 1917,-1 480,70824,2120,54256,56376,14448,,"3,76%","96,24%",,"2,99%","76,61%","79,60%","20,40%"
07.09,+ 302,0,"0,43%","-39,84%","2,09%","-3,86%",+ 3,+ 857,+ 860,-558,71126,2123,55113,57236,13890,,"3,71%","96,29%",,"2,98%","77,49%","80,47%","19,53%"
08.09,+ 400,0,"0,56%","-27,27%","2,88%","-2,94%",+ 12,+ 797,+ 809,-409,71526,2135,55910,58045,13481,,"3,68%","96,32%",,"2,98%","78,17%","81,15%","18,85%"
09.09,+ 421,0,"0,59%","-29,24%","3,12%","-6,05%",+ 11,+ 1225,+ 1236,-815,71947,2146,57135,59281,12666,,"3,62%","96,38%",,"2,98%","79,41%","82,40%","17,60%"
10.09,+ 506,0,"0,70%","-17,32%","3,99%","-3,47%",+ 12,+ 934,+ 946,-440,72453,2158,58069,60227,12226,,"3,58%","96,42%",,"2,98%","80,15%","83,13%","16,87%"
11.09,+ 594,0,"0,82%","-14,04%","4,86%","-1,59%",+ 10,+ 779,+ 789,-195,73047,2168,58848,61016,12031,,"3,55%","96,45%",,"2,97%","80,56%","83,53%","16,47%"
12.09,+ 603,0,"0,83%","6,35%","5,01%","-2,39%",+ 13,+ 877,+ 890,-287,73650,2181,59725,61906,11744,,"3,52%","96,48%",,"2,96%","81,09%","84,05%","15,95%"
13.09,+ 502,0,"0,68%","14,87%","4,27%","-3,73%",+ 6,+ 934,+ 940,-438,74152,2187,60659,62846,11306,,"3,48%","96,52%",,"2,95%","81,80%","84,75%","15,25%"
14.09,+ 377,0,"0,51%","24,83%","3,33%","-0,67%",+ 15,+ 438,+ 453,-76,74529,2202,61097,63299,11230,,"3,48%","96,52%",,"2,95%","81,98%","84,93%","15,07%"
15.09,+ 605,0,"0,81%","51,25%","5,39%","1,16%",+ 24,+ 451,+ 475,+ 130,75134,2226,61548,63774,11360,,"3,49%","96,51%",,"2,96%","81,92%","84,88%","15,12%"
16.09,+ 600,0,"0,80%","42,52%","5,28%","0,25%",+ 10,+ 562,+ 572,+ 28,75734,2236,62110,64346,11388,,"3,47%","96,53%",,"2,95%","82,01%","84,96%","15,04%"
17.09,+ 837,0,"1,11%","65,42%","7,35%","1,81%",+ 16,+ 615,+ 631,+ 206,76571,2252,62725,64977,11594,,"3,47%","96,53%",,"2,94%","81,92%","84,86%","15,14%"
18.09,+ 757,0,"0,99%","27,44%","6,53%","1,32%",+ 17,+ 587,+ 604,+ 153,77328,2269,63312,65581,11747,,"3,46%","96,54%",,"2,93%","81,87%","84,81%","15,19%"
19.09,+ 1002,0,"1,30%","66,17%","8,53%","3,75%",+ 12,+ 549,+ 561,+ 441,78330,2281,63861,66142,12188,,"3,45%","96,55%",,"2,91%","81,53%","84,44%","15,56%"
20.09,+ 910,0,"1,16%","81,27%","7,47%","3,76%",+ 11,+ 441,+ 452,+ 458,79240,2292,64302,66594,12646,,"3,44%","96,56%",,"2,89%","81,15%","84,04%","15,96%"
21.09,+ 748,0,"0,94%","98,41%","5,91%","3,49%",+ 5,+ 302,+ 307,+ 441,79988,2297,64604,66901,13087,,"3,43%","96,57%",,"2,87%","80,77%","83,64%","16,36%"
22.09,+ 711,0,"0,89%","17,52%","5,43%","2,48%",+ 18,+ 368,+ 386,+ 325,80699,2315,64972,67287,13412,,"3,44%","96,56%",,"2,87%","80,51%","83,38%","16,62%"
23.09,+ 974,0,"1,21%","62,33%","7,26%","2,66%",+ 28,+ 589,+ 617,+ 357,81673,2343,65561,67904,13769,,"3,45%","96,55%",,"2,87%","80,27%","83,14%","16,86%"
24.09,+ 1136,0,"1,39%","35,72%","8,25%","3,73%",+ 25,+ 597,+ 622,+ 514,82809,2368,66158,68526,14283,,"3,46%","96,54%",,"2,86%","79,89%","82,75%","17,25%"
25.09,+ 1587,0,"1,92%","109,64%","11,11%","6,88%",+ 23,+ 582,+ 605,+ 982,84396,2391,66740,69131,15265,,"3,46%","96,54%",,"2,83%","79,08%","81,91%","18,09%"
26.09,+ 1584,0,"1,88%","58,08%","10,38%","6,33%",+ 32,+ 586,+ 618,+ 966,85980,2423,67326,69749,16231,,"3,47%","96,53%",,"2,82%","78,30%","81,12%","18,88%"
27.09,+ 1350,0,"1,57%","48,35%","8,32%","4,71%",+ 8,+ 578,+ 586,+ 764,87330,2431,67904,70335,16995,,"3,46%","96,54%",,"2,78%","77,76%","80,54%","19,46%"
28.09,+ 1306,0,"1,50%","74,60%","7,68%","4,56%",+ 15,+ 516,+ 531,+ 775,88636,2446,68420,70866,17770,,"3,45%","96,55%",,"2,76%","77,19%","79,95%","20,05%"
29.09,+ 1326,0,"1,50%","86,50%","7,46%","4,25%",+ 36,+ 535,+ 571,+ 755,89962,2482,68955,71437,18525,,"3,47%","96,53%",,"2,76%","76,65%","79,41%","20,59%"
30.09,+ 1552,0,"1,73%","59,34%","8,38%","4,22%",+ 30,+ 740,+ 770,+ 782,91514,2512,69695,72207,19307,,"3,48%","96,52%",,"2,74%","76,16%","78,90%","21,10%"
01.10,+ 1967,0,"2,15%","73,15%","10,19%","6,38%",+ 30,+ 706,+ 736,+ 1231,93481,2542,70401,72943,20538,,"3,48%","96,52%",,"2,72%","75,31%","78,03%","21,97%"
02.10,+ 2292,0,"2,45%","44,42%","11,16%","6,39%",+ 27,+ 952,+ 979,+ 1313,95773,2569,71353,73922,21851,,"3,48%","96,52%",,"2,68%","74,50%","77,18%","22,82%"
03.10,+ 2367,0,"2,47%","49,43%","10,83%","6,76%",+ 34,+ 856,+ 890,+ 1477,98140,2603,72209,74812,23328,,"3,48%","96,52%",,"2,65%","73,58%","76,23%","23,77%"
04.10,+ 1934,0,"1,97%","43,26%","8,29%","4,78%",+ 26,+ 794,+ 820,+ 1114,100074,2629,73003,75632,24442,,"3,48%","96,52%",,"2,63%","72,95%","75,58%","24,42%"
05.10,+ 2006,0,"2,00%","53,60%","8,21%","5,84%",+ 29,+ 549,+ 578,+ 1428,102080,2658,73552,76210,25870,,"3,49%","96,51%",,"2,60%","72,05%","74,66%","25,34%"
06.10,+ 2236,0,"2,19%","68,63%","8,64%","6,08%",+ 58,+ 606,+ 664,+ 1572,104316,2716,74158,76874,27442,,"3,53%","96,47%",,"2,60%","71,09%","73,69%","26,31%"
07.10,+ 3003,0,"2,88%","93,49%","10,94%","6,34%",+ 75,+ 1188,+ 1263,+ 1740,107319,2791,75346,78137,29182,,"3,57%","96,43%",,"2,60%","70,21%","72,81%","27,19%"
08.10,+ 4280,0,"3,99%","117,59%","14,67%","10,49%",+ 76,+ 1144,+ 1220,+ 3060,111599,2867,76490,79357,32242,,"3,61%","96,39%",,"2,57%","68,54%","71,11%","28,89%"
09.10,+ 4739,0,"4,25%","106,76%","14,70%","10,24%",+ 52,+ 1385,+ 1437,+ 3302,116338,2919,77875,80794,35544,,"3,61%","96,39%",,"2,51%","66,94%","69,45%","30,55%"
10.10,+ 5300,0,"4,56%","123,91%","14,91%","11,65%",+ 53,+ 1107,+ 1160,+ 4140,121638,2972,78982,81954,39684,,"3,63%","96,37%",,"2,44%","64,93%","67,38%","32,62%"
11.10,+ 4178,0,"3,43%","116,03%","10,53%","7,12%",+ 31,+ 1320,+ 1351,+ 2827,125816,3003,80302,83305,42511,,"3,60%","96,40%",,"2,39%","63,82%","66,21%","33,79%"
12.10,+ 4394,0,"3,49%","119,04%","10,34%","8,14%",+ 35,+ 899,+ 934,+ 3460,130210,3038,81201,84239,45971,,"3,61%","96,39%",,"2,33%","62,36%","64,69%","35,31%"
13.10,+ 5068,0,"3,89%","126,65%","11,02%","9,14%",+ 63,+ 803,+ 866,+ 4202,135278,3101,82004,85105,50173,,"3,64%","96,36%",,"2,29%","60,62%","62,91%","37,09%"
14.10,+ 6526,0,"4,82%","117,32%","13,01%","9,10%",+ 116,+ 1843,+ 1959,+ 4567,141804,3217,83847,87064,54740,,"3,69%","96,31%",,"2,27%","59,13%","61,40%","38,60%"
15.10,+ 8099,0,"5,71%","89,23%","14,80%","11,45%",+ 91,+ 1741,+ 1832,+ 6267,149903,3308,85588,88896,61007,,"3,72%","96,28%",,"2,21%","57,10%","59,30%","40,70%"
16.10,+ 7705,0,"5,14%","62,59%","12,63%","8,83%",+ 132,+ 2185,+ 2317,+ 5388,157608,3440,87773,91213,66395,,"3,77%","96,23%",,"2,18%","55,69%","57,87%","42,13%"
17.10,+ 9622,0,"6,11%","81,55%","14,49%","10,77%",+ 84,+ 2389,+ 2473,+ 7149,167230,3524,90162,93686,73544,,"3,76%","96,24%",,"2,11%","53,91%","56,02%","43,98%"
18.10,+ 8536,0,"5,10%","104,31%","11,61%","8,16%",+ 49,+ 2489,+ 2538,+ 5998,175766,3573,92651,96224,79542,,"3,71%","96,29%",,"2,03%","52,71%","54,75%","45,25%"
19.10,+ 7482,0,"4,26%","70,28%","9,41%","7,64%",+ 41,+ 1363,+ 1404,+ 6078,183248,3614,94014,97628,85620,,"3,70%","96,30%",,"1,97%","51,30%","53,28%","46,72%"
20.10,+ 9291,0,"5,07%","83,33%","10,85%","8,46%",+ 107,+ 1942,+ 2049,+ 7242,192539,3721,95956,99677,92862,,"3,73%","96,27%",,"1,93%","49,84%","51,77%","48,23%"
21.10,+ 10040,0,"5,21%","53,85%","10,81%","7,52%",+ 130,+ 2928,+ 3058,+ 6982,202579,3851,98884,102735,99844,,"3,75%","96,25%",,"1,90%","48,81%","50,71%","49,29%"
22.10,+ 12107,0,"5,98%","49,49%","12,13%","8,63%",+ 168,+ 3320,+ 3488,+ 8619,214686,4019,102204,106223,108463,,"3,78%","96,22%",,"1,87%","47,61%","49,48%","50,52%"
23.10,+ 13632,0,"6,35%","76,92%","12,57%","9,76%",+ 153,+ 2888,+ 3041,+ 10591,228318,4172,105092,109264,119054,,"3,82%","96,18%",,"1,83%","46,03%","47,86%","52,14%"
24.10,+ 13628,0,"5,97%","41,63%","11,45%","7,73%",+ 178,+ 4252,+ 4430,+ 9198,241946,4350,109344,113694,128252,,"3,83%","96,17%",,"1,80%","45,19%","46,99%","53,01%"
25.10,+ 11742,0,"4,85%","37,56%","9,16%","6,53%",+ 87,+ 3275,+ 3362,+ 8380,253688,4437,112619,117056,136632,,"3,79%","96,21%",,"1,75%","44,39%","46,14%","53,86%"
26.10,+ 10241,0,"4,04%","36,88%","7,50%","5,50%",+ 45,+ 2683,+ 2728,+ 7513,263929,4482,115302,119784,144145,,"3,74%","96,26%",,"1,70%","43,69%","45,38%","54,62%"
27.10,+ 16300,0,"6,18%","75,44%","11,31%","8,49%",+ 132,+ 3935,+ 4067,+ 12233,280229,4614,119237,123851,156378,,"3,73%","96,27%",,"1,65%","42,55%","44,20%","55,80%"
28.10,+ 18820,0,"6,72%","87,45%","12,03%","9,16%",+ 234,+ 4267,+ 4501,+ 14319,299049,4848,123504,128352,170697,,"3,78%","96,22%",,"1,62%","41,30%","42,92%","57,08%"
29.10,+ 20156,0,"6,74%","66,48%","11,81%","8,26%",+ 301,+ 5763,+ 6064,+ 14092,319205,5149,129267,134416,184789,,"3,83%","96,17%",,"1,61%","40,50%","42,11%","57,89%"
30.10,+ 21629,0,"6,78%","58,66%","11,70%","8,64%",+ 202,+ 5457,+ 5659,+ 15970,340834,5351,134724,140075,200759,,"3,82%","96,18%",,"1,57%","39,53%","41,10%","58,90%"
31.10,+ 21897,0,"6,42%","60,68%","10,91%","8,00%",+ 280,+ 5556,+ 5836,+ 16061,362731,5631,140280,145911,216820,,"3,86%","96,14%",,"1,55%","38,67%","40,23%","59,77%"
01.11,+ 17171,0,"4,73%","46,24%","7,92%","4,94%",+ 152,+ 6315,+ 6467,+ 10704,379902,5783,146595,152378,227524,,"3,80%","96,20%",,"1,52%","38,59%","40,11%","59,89%"
02.11,+ 15578,0,"4,10%","52,11%","6,85%","3,37%",+ 92,+ 7818,+ 7910,+ 7668,395480,5875,154413,160288,235192,,"3,67%","96,33%",,"1,49%","39,04%","40,53%","59,47%"
03.11,+ 19364,0,"4,90%","18,80%","8,23%","5,77%",+ 227,+ 5573,+ 5800,+ 13564,414844,6102,159986,166088,248756,,"3,67%","96,33%",,"1,47%","38,57%","40,04%","59,96%"
04.11,+ 24692,0,"5,95%","31,20%","9,93%","6,17%",+ 372,+ 8974,+ 9346,+ 15346,439536,6474,168960,175434,264102,,"3,69%","96,31%",,"1,47%","38,44%","39,91%","60,09%"
05.11,+ 27143,0,"6,18%","34,66%","10,28%","6,84%",+ 367,+ 8721,+ 9088,+ 18055,466679,6841,177681,184522,282157,,"3,71%","96,29%",,"1,47%","38,07%","39,54%","60,46%"
06.11,+ 27086,0,"5,80%","25,23%","9,60%","5,55%",+ 445,+ 10994,+ 11439,+ 15647,493765,7286,188675,195961,297804,,"3,72%","96,28%",,"1,48%","38,21%","39,69%","60,31%"
07.11,+ 27875,0,"5,65%","27,30%","9,36%","5,27%",+ 349,+ 11835,+ 12184,+ 15691,521640,7635,200510,208145,313495,,"3,67%","96,33%",,"1,46%","38,44%","39,90%","60,10%"
08.11,+ 24785,0,"4,75%","44,34%","7,91%","5,01%",+ 236,+ 8853,+ 9089,+ 15696,546425,7871,209363,217234,329191,,"3,62%","96,38%",,"1,44%","38,32%","39,76%","60,24%"
09.11,+ 21713,0,"3,97%","39,38%","6,60%","3,50%",+ 173,+ 10008,+ 10181,+ 11532,568138,8044,219371,227415,340723,,"3,54%","96,46%",,"1,42%","38,61%","40,03%","59,97%"
10.11,+ 25454,-30,"4,48%","31,45%","7,47%","4,06%",+ 330,+ 11290,+ 11620,+ 13834,593592,8374,230661,239035,354557,,"3,50%","96,50%",,"1,41%","38,86%","40,27%","59,73%"
11.11,+ 25221,0,"4,25%","2,14%","7,11%","3,55%",+ 429,+ 12214,+ 12643,+ 12578,618813,8803,242875,251678,367135,,"3,50%","96,50%",,"1,42%","39,25%","40,67%","59,33%"
12.11,+ 22683,0,"3,67%","-16,43%","6,18%","2,98%",+ 275,+ 11474,+ 11749,+ 10934,641496,9078,254349,263427,378069,,"3,45%","96,55%",,"1,42%","39,65%","41,06%","58,94%"
13.11,+ 24051,0,"3,75%","-11,21%","6,36%","2,75%",+ 419,+ 13231,+ 13650,+ 10401,665547,9497,267580,277077,388470,,"3,43%","96,57%",,"1,43%","40,20%","41,63%","58,37%"
14.11,+ 25571,0,"3,84%","-8,27%","6,58%","2,67%",+ 548,+ 14635,+ 15183,+ 10388,691118,10045,282215,292260,398858,,"3,44%","96,56%",,"1,45%","40,83%","42,29%","57,71%"
15.11,+ 21854,0,"3,16%","-11,83%","5,48%","2,25%",+ 303,+ 12568,+ 12871,+ 8983,712972,10348,294783,305131,407841,,"3,39%","96,61%",,"1,45%","41,35%","42,80%","57,20%"
16.11,+ 20816,0,"2,92%","-4,13%","5,10%","2,31%",+ 143,+ 11239,+ 11382,+ 9434,733788,10491,306022,316513,417275,,"3,31%","96,69%",,"1,43%","41,70%","43,13%","56,87%"
17.11,+ 19152,0,"2,61%","-24,76%","4,59%","0,13%",+ 357,+ 18260,+ 18617,+ 535,752940,10848,324282,335130,417810,,"3,24%","96,76%",,"1,44%","43,07%","44,51%","55,49%"
18.11,+ 19883,0,"2,64%","-21,16%","4,76%","0,16%",+ 603,+ 18601,+ 19204,+ 679,772823,11451,342883,354334,418489,,"3,23%","96,77%",,"1,48%","44,37%","45,85%","54,15%"
19.11,+ 23975,0,"3,10%","5,70%","5,73%","1,04%",+ 637,+ 19003,+ 19640,+ 4335,796798,12088,361886,373974,422824,,"3,23%","96,77%",,"1,52%","45,42%","46,93%","53,07%"
20.11,+ 22464,0,"2,82%","-6,60%","5,31%","0,46%",+ 626,+ 19914,+ 20540,+ 1924,819262,12714,381800,394514,424748,,"3,22%","96,78%",,"1,55%","46,60%","48,15%","51,85%"
21.11,+ 24213,0,"2,96%","-5,31%","5,70%","-0,39%",+ 574,+ 25275,+ 25849,-1 636,843475,13288,407075,420363,423112,,"3,16%","96,84%",,"1,58%","48,26%","49,84%","50,16%"
22.11,+ 18467,-611,"2,19%","-15,50%","4,36%","0,29%",+ 330,+ 16896,+ 17226,+ 1241,861331,13618,423971,437589,424353,,"3,11%","96,89%",,"1,58%","49,26%","50,84%","49,27%"
23.11,+ 15002,0,"1,74%","-27,93%","3,54%","-0,01%",+ 156,+ 14897,+ 15053,-51,875722,13774,438868,452642,423080,,"3,04%","96,96%",,"1,57%","50,11%","51,69%","48,31%"
24.11,+ 10139,+ 22594,"1,16%","-47,06%","2,40%","-1,48%",+ 540,+ 15849,+ 16389,-6 250,909066,14314,454717,469031,416830,,"3,05%","96,95%",,"1,57%","50,02%","51,59%","45,92%"
25.11,+ 15362,0,"1,69%","-22,74%","3,69%","-0,03%",+ 674,+ 14810,+ 15484,-122,924428,14988,469527,484515,439913,,"3,09%","96,91%",,"1,62%","50,79%","52,41%","47,59%"
26.11,+ 16687,0,"1,81%","-30,40%","3,79%","-2,10%",+ 580,+ 25342,+ 25922,-9 235,941115,15568,494869,510437,430678,,"3,05%","96,95%",,"1,65%","52,58%","54,24%","45,76%"
27.11,+ 17060,0,"1,81%","-24,06%","3,96%","-1,23%",+ 579,+ 21767,+ 22346,-5 286,958175,16147,516636,532783,425392,,"3,03%","96,97%",,"1,69%","53,92%","55,60%","44,40%"
28.11,+ 15178,0,"1,58%","-37,31%","3,57%","-1,66%",+ 599,+ 21637,+ 22236,-7 058,973353,16746,538273,555019,418334,,"3,02%","96,98%",,"1,72%","55,30%","57,02%","42,98%"
29.11,+ 11483,0,"1,18%","-37,82%","2,74%","-2,38%",+ 283,+ 21156,+ 21439,-9 956,984836,17029,559429,576458,408378,,"2,95%","97,05%",,"1,73%","56,80%","58,53%","41,47%"
30.11,+ 5733,0,"0,58%","-61,79%","1,40%","-3,05%",+ 121,+ 18085,+ 18206,-12 473,990569,17150,577514,594664,395905,,"2,88%","97,12%",,"1,73%","58,30%","60,03%","39,97%"
01.12,+ 9105,0,"0,92%","-10,20%","2,30%","-2,88%",+ 449,+ 20075,+ 20524,-11 419,999674,17599,597589,615188,384486,,"2,86%","97,14%",,"1,76%","59,78%","61,54%","38,46%"
02.12,+ 13855,0,"1,39%","-9,81%","3,60%","-3,16%",+ 609,+ 25391,+ 26000,-12 145,1013529,18208,622980,641188,372341,,"2,84%","97,16%",,"1,80%","61,47%","63,26%","36,74%"
03.12,+ 14838,0,"1,46%","-11,08%","3,99%","-2,51%",+ 620,+ 23580,+ 24200,-9 362,1028367,18828,646560,665388,362979,,"2,83%","97,17%",,"1,83%","62,87%","64,70%","35,30%"
04.12,+ 13239,0,"1,29%","-22,40%","3,65%","-1,97%",+ 531,+ 19853,+ 20384,-7 145,1041606,19359,666413,685772,355834,,"2,82%","97,18%",,"1,86%","63,98%","65,84%","34,16%"
05.12,+ 12430,0,"1,19%","-18,11%","3,49%","-2,69%",+ 502,+ 21497,+ 21999,-9 569,1054036,19861,687910,707771,346265,,"2,81%","97,19%",,"1,88%","65,26%","67,15%","32,85%"
06.12,+ 9176,0,"0,87%","-20,09%","2,65%","-2,85%",+ 228,+ 18810,+ 19038,-9 862,1063212,20089,706720,726809,336403,,"2,76%","97,24%",,"1,89%","66,47%","68,36%","31,64%"
07.12,+ 4423,0,"0,42%","-22,85%","1,31%","-3,39%",+ 92,+ 15726,+ 15818,-11 395,1067635,20181,722446,742627,325008,,"2,72%","97,28%",,"1,89%","67,67%","69,56%","30,44%"
08.12,+ 8312,0,"0,78%","-8,71%","2,56%","-2,61%",+ 411,+ 16399,+ 16810,-8 498,1075947,20592,738845,759437,316510,,"2,71%","97,29%",,"1,91%","68,67%","70,58%","29,42%"
09.12,+ 12168,0,"1,13%","-12,18%","3,84%","-5,62%",+ 568,+ 29396,+ 29964,-17 796,1088115,21160,768241,789401,298714,,"2,68%","97,32%",,"1,94%","70,60%","72,55%","27,45%"
10.12,+ 13749,0,"1,26%","-7,34%","4,60%","-3,55%",+ 470,+ 23878,+ 24348,-10 599,1101864,21630,792119,813749,288115,,"2,66%","97,34%",,"1,96%","71,89%","73,85%","26,15%"
11.12,+ 13110,0,"1,19%","-0,97%","4,55%","-3,70%",+ 544,+ 23237,+ 23781,-10 671,1114974,22174,815356,837530,277444,,"2,65%","97,35%",,"1,99%","73,13%","75,12%","24,88%"
12.12,+ 11497,0,"1,03%","-7,51%","4,14%","-5,11%",+ 502,+ 25185,+ 25687,-14 190,1126471,22676,840541,863217,263254,,"2,63%","97,37%",,"2,01%","74,62%","76,63%","23,37%"
13.12,+ 8977,0,"0,80%","-2,17%","3,41%","-3,63%",+ 188,+ 18354,+ 18542,-9 565,1135448,22864,858895,881759,253689,,"2,59%","97,41%",,"2,01%","75,64%","77,66%","22,34%"
14.12,+ 4896,0,"0,43%","10,69%","1,93%","-2,15%",+ 96,+ 10260,+ 10356,-5 460,1140344,22960,869155,892115,248229,,"2,57%","97,43%",,"2,01%","76,22%","78,23%","21,77%"
15.12,+ 6907,0,"0,61%","-16,90%","2,78%","-1,63%",+ 349,+ 10593,+ 10942,-4 035,1147251,23309,879748,903057,244194,,"2,58%","97,42%",,"2,03%","76,68%","78,71%","21,29%"
16.12,+ 12454,0,"1,09%","2,35%","5,10%","-0,43%",+ 605,+ 12902,+ 13507,-1 053,1159705,23914,892650,916564,243141,,"2,61%","97,39%",,"2,06%","76,97%","79,03%","20,97%"
17.12,+ 11953,0,"1,03%","-13,06%","4,92%","0,34%",+ 431,+ 10699,+ 11130,+ 823,1171658,24345,903349,927694,243964,,"2,62%","97,38%",,"2,08%","77,10%","79,18%","20,82%"
18.12,+ 11013,0,"0,94%","-16,00%","4,51%","-0,67%",+ 426,+ 12227,+ 12653,-1 640,1182671,24771,915576,940347,242324,,"2,63%","97,37%",,"2,09%","77,42%","79,51%","20,49%"
19.12,+ 11267,0,"0,95%","-2,00%","4,65%","-0,56%",+ 483,+ 12147,+ 12630,-1 363,1193938,25254,927723,952977,240961,,"2,65%","97,35%",,"2,12%","77,70%","79,82%","20,18%"
20.12,+ 8594,0,"0,72%","-4,27%","3,57%","-0,87%",+ 143,+ 10546,+ 10689,-2 095,1202532,25397,938269,963666,238866,,"2,64%","97,36%",,"2,11%","78,02%","80,14%","19,86%"
21.12,+ 4633,0,"0,39%","-5,37%","1,94%","-1,34%",+ 77,+ 7748,+ 7825,-3 192,1207165,25474,946017,971491,235674,,"2,62%","97,38%",,"2,11%","78,37%","80,48%","19,52%"
22.12,+ 7192,0,"0,60%","4,13%","3,05%","-0,58%",+ 309,+ 8255,+ 8564,-1 372,1214357,25783,954272,980055,234302,,"2,63%","97,37%",,"2,12%","78,58%","80,71%","19,29%"
23.12,+ 12361,0,"1,02%","-0,75%","5,28%","0,42%",+ 472,+ 10906,+ 11378,+ 983,1226718,26255,965178,991433,235285,,"2,65%","97,35%",,"2,14%","78,68%","80,82%","19,18%"
24.12,+ 13115,0,"1,07%","9,72%","5,57%","0,82%",+ 497,+ 10698,+ 11195,+ 1920,1239833,26752,975876,1002628,237205,,"2,67%","97,33%",,"2,16%","78,71%","80,87%","19,13%"
25.12,+ 9077,0,"0,73%","-17,58%","3,83%","0,01%",+ 240,+ 8807,+ 9047,+ 30,1248910,26992,984683,1011675,237235,,"2,67%","97,33%",,"2,16%","78,84%","81,00%","19,00%"
26.12,+ 5048,0,"0,40%","-55,20%","2,13%","-1,15%",+ 69,+ 7698,+ 7767,-2 719,1253958,27061,992381,1019442,234516,,"2,65%","97,35%",,"2,16%","79,14%","81,30%","18,70%"
27.12,+ 3678,0,"0,29%","-57,20%","1,57%","-1,54%",+ 57,+ 7229,+ 7286,-3 608,1257636,27118,999610,1026728,230908,,"2,64%","97,36%",,"2,16%","79,48%","81,64%","18,36%"
28.12,+ 3211,0,"0,26%","-30,69%","1,39%","-1,12%",+ 29,+ 5766,+ 5795,-2 584,1260847,27147,1005376,1032523,228324,,"2,63%","97,37%",,"2,15%","79,74%","81,89%","18,11%"
29.12,+ 7914,0,"0,63%","10,04%","3,47%","-0,45%",+ 307,+ 8629,+ 8936,-1 022,1268761,27454,1014005,1041459,227302,,"2,64%","97,36%",,"2,16%","79,92%","82,08%","17,92%"
30.12,+ 12955,0,"1,02%","4,81%","5,70%","0,22%",+ 565,+ 11884,+ 12449,+ 506,1281716,28019,1025889,1053908,227808,,"2,66%","97,34%",,"2,19%","80,04%","82,23%","17,77%"
31.12,+ 13397,0,"1,05%","2,15%","5,88%","1,15%",+ 532,+ 10249,+ 10781,+ 2616,1295113,28551,1036138,1064689,230424,,"2,68%","97,32%",,"2,20%","80,00%","82,21%","17,79%"
01.01,+ 11008,0,"0,85%","21,27%","4,78%","0,20%",+ 400,+ 10143,+ 10543,+ 465,1306121,28951,1046281,1075232,230889,,"2,69%","97,31%",,"2,22%","80,11%","82,32%","17,68%"
02.01,+ 6945,0,"0,53%","37,58%","3,01%","-1,00%",+ 102,+ 9155,+ 9257,-2 312,1313066,29053,1055436,1084489,228577,,"2,68%","97,32%",,"2,21%","80,38%","82,59%","17,41%"
03.01,+ 5739,0,"0,44%","56,04%","2,51%","-0,87%",+ 61,+ 7657,+ 7718,-1 979,1318805,29114,1063093,1092207,226598,,"2,67%","97,33%",,"2,21%","80,61%","82,82%","17,18%"
04.01,+ 4432,0,"0,34%","38,03%","1,96%","-0,91%",+ 42,+ 6461,+ 6503,-2 071,1323237,29156,1069554,1098710,224527,,"2,65%","97,35%",,"2,20%","80,83%","83,03%","16,97%"
05.01,+ 7624,0,"0,58%","-3,66%","3,40%","-0,92%",+ 341,+ 9338,+ 9679,-2 055,1330861,29497,1078892,1108389,222472,,"2,66%","97,34%",,"2,22%","81,07%","83,28%","16,72%"
06.01,+ 14151,0,"1,06%","9,23%","6,36%","2,13%",+ 553,+ 8852,+ 9405,+ 4746,1345012,30050,1087744,1117794,227218,,"2,69%","97,31%",,"2,23%","80,87%","83,11%","16,89%"
07.01,+ 12054,0,"0,90%","-10,02%","5,31%","1,76%",+ 186,+ 7872,+ 8058,+ 3996,1357066,30236,1095616,1125852,231214,,"2,69%","97,31%",,"2,23%","80,73%","82,96%","17,04%"
08.01,+ 8790,0,"0,65%","-20,15%","3,80%","-0,23%",+ 332,+ 8983,+ 9315,-525,1365856,30568,1104599,1135167,230689,,"2,69%","97,31%",,"2,24%","80,87%","83,11%","16,89%"
09.01,+ 10548,0,"0,77%","51,88%","4,57%","0,42%",+ 438,+ 9139,+ 9577,+ 971,1376404,31006,1113738,1144744,231660,,"2,71%","97,29%",,"2,25%","80,92%","83,17%","16,83%"
10.01,+ 9410,0,"0,68%","63,97%","4,06%","-0,15%",+ 177,+ 9580,+ 9757,-347,1385814,31183,1123318,1154501,231313,,"2,70%","97,30%",,"2,25%","81,06%","83,31%","16,69%"
11.01,+ 4622,0,"0,33%","4,29%","2,00%","-1,12%",+ 75,+ 7142,+ 7217,-2 595,1390436,31258,1130460,1161718,228718,,"2,69%","97,31%",,"2,25%","81,30%","83,55%","16,45%"