<?xml version="1.0" encoding="UTF-8"?>
<rss version="2.0" xmlns:atom="http://www.w3.org/2005/Atom">
   <channel>
      <title><![CDATA[Najnowsze wiadomości - TVN24]]></title>
      <description><![CDATA[Czytaj najnowsze wiadomości z kraju i ze świata oraz oglądaj wideo w portalu TVN24! U nas zawsze najświeższe informacje, unikalne wideo, relacje na żywo.]]></description>
      <link>https://tvn24.pl/najnowsze/</link>
      <language>pl</language>
      <copyright>TVN</copyright>
      <lastBuildDate>2020-11-08T15:00:00.000Z</lastBuildDate>
      <item>
    <title><![CDATA[Przyłbica chroni tak jak maseczka? Dzieci nie chorują na COVID-19? Odpowiada "Koronawirus Konkret24"]]></title>
    <link>https://tvn24.pl/polska/koronawirus-w-polsce-przylbica-chroni-jak-maseczka-odpowiada-doktor-pawel-grzesiowski-4737652?source=rss</link>
    <description>
    <![CDATA[
    <img src="https://tvn24.pl/najnowsze/cdn-zdjecie-wlgyej-doktor-pawel-grzesiowski-w-programie-koronawirus-konkret24-4744987/alternates/LANDSCAPE_1280" alt="Przyłbica chroni tak jak maseczka? Dzieci nie chorują na COVID-19? Odpowiada "Koronawirus Konkret24"" />
    Przyłbica tylko zasłania naszą twarz i usta, ale powietrze, które wdycham jest całkowicie niefiltrowane, więc przyłbica nie stanowi ochrony dróg oddechowych. Maseczka powoduje, że powietrze, którym oddycham jest filtrowane - tłumaczył w programie "Koronawirus Konkret24" doktor Paweł Grzesiowski. Ekspert Naczelnej Rady Lekarskiej odniósł się także do mitów dotyczących rzekomej możliwości uszkodzenia mózgu podczas wykonywania testu, testów typu "zrób to samo", czy tego, że najmłodsze dzieci nie chorują na COVID-19. 
    ]]>
    </description>
    <pubDate>2020-11-08T15:00:00.000Z</pubDate>
    <guid>https://tvn24.pl/polska/koronawirus-w-polsce-przylbica-chroni-jak-maseczka-odpowiada-doktor-pawel-grzesiowski-4737652</guid>
</item><item>
    <title><![CDATA[Błyskawica z zaparkowanych aut. Protest w Poznaniu]]></title>
    <link>https://tvn24.pl/poznan/poznan-protest-po-orzeczeniu-trybunalu-konstytucyjnego-4745644?source=rss</link>
    <description>
    <![CDATA[
    <img src="https://tvn24.pl/najnowsze/cdn-zdjecie-am9y3b-auta-protestujacych-zaparkowaly-tworzac-symboliczna-blyskawice-4745751/alternates/LANDSCAPE_1280" alt="Błyskawica z zaparkowanych aut. Protest w Poznaniu" />
    Kolejny protest po orzeczeniu Trybunału Konstytucyjnego w sprawie aborcji. Poznaniacy w niedzielę zebrali się na parkingu przed popularnym sklepem meblowym. - Będziemy protestować tak długo, jak długo to będzie konieczne - zapowiada pani Iza. 
    ]]>
    </description>
    <pubDate>2020-11-08T14:55:13.000Z</pubDate>
    <guid>https://tvn24.pl/poznan/poznan-protest-po-orzeczeniu-trybunalu-konstytucyjnego-4745644</guid>
</item><item>
    <title><![CDATA[Część kamienicy zawaliła się na Pradze. Sprawą zajmuje się konserwator zabytków i nadzór budowlany]]></title>
    <link>https://tvn24.pl/tvnwarszawa/najnowsze/praga-polnoc-runela-sciana-kamienicy-przy-wrzesinskiej-4745490?source=rss</link>
    <description>
    <![CDATA[
    <img src="https://tvn24.pl/tvnwarszawa/najnowsze/cdn-zdjecie-5l2v1s-zawalila-sie-czesc-kamienicy-na-pradze-4745471/alternates/LANDSCAPE_1280" alt="Część kamienicy zawaliła się na Pradze. Sprawą zajmuje się konserwator zabytków i nadzór budowlany" />
    Ściana starej kamienicy zawaliła się przy ulicy Wrzesińskiej. Na miejsce przyjechały służby i przedstawiciele mazowieckiego konserwatora zabytków. - Nikt nie został poszkodowany - przekazała straż pożarna. 
    ]]>
    </description>
    <pubDate>2020-11-08T10:14:35.000Z</pubDate>
    <guid>https://tvn24.pl/tvnwarszawa/najnowsze/praga-polnoc-runela-sciana-kamienicy-przy-wrzesinskiej-4745490</guid>
</item><item>
    <title><![CDATA[Niemieckie koleje wstrzymują połączenia z Polską]]></title>
    <link>https://tvn24.pl/biznes/ze-swiata/koronawirus-w-polsce-od-niedzieli-deutsche-bahn-wstrzymuje-polaczenia-kolejowe-miedzy-polska-a-niemcami-4745728?source=rss</link>
    <description>
    <![CDATA[
    <img src="https://tvn24.pl/biznes/najnowsze/cdn-zdjecie-95hyu9-od-niedzieli-mniej-polaczen-kolejowych-miedzy-polska-a-niemcami-zdj-ilustracyjne-4745311/alternates/LANDSCAPE_1280" alt="Niemieckie koleje wstrzymują połączenia z Polską" />
    Na obsługiwanych przez niemieckie koleje transgranicznych trasach kolejowych między Polską a Niemcami odwołano wiele połączeń. Pociągi wstrzymały kursowanie od niedzieli. Ma to związek z obostrzeniami wprowadzonymi przez polski rząd z powodu pandemii wywołanej przez koronawirusa - podał niemiecki przewoźnik - Deutsche Bahn. 
    ]]>
    </description>
    <pubDate>2020-11-08T14:34:10.000Z</pubDate>
    <guid>https://tvn24.pl/biznes/ze-swiata/koronawirus-w-polsce-od-niedzieli-deutsche-bahn-wstrzymuje-polaczenia-kolejowe-miedzy-polska-a-niemcami-4745728</guid>
</item><item>
    <title><![CDATA[Można poprosić o zakupy, radę albo porozmawiać z psychologiem. Ratownicy uruchomili infolinię]]></title>
    <link>https://tvn24.pl/krakow/lomza-infolinia-grupy-ratowniczej-nadzieja-4745705?source=rss</link>
    <description>
    <![CDATA[
    <img src="https://tvn24.pl/najnowsze/cdn-zdjecie-s016t7-w-krytycznym-momencie-wezwano-karetke-ale-bylo-juz-za-pozno-na-pomoc-4742934/alternates/LANDSCAPE_1280" alt="Można poprosić o zakupy, radę albo porozmawiać z psychologiem. Ratownicy uruchomili infolinię" />
    Na co dzień wyjeżdżają karetką do chorych. Teraz jednak ratownicy z Łomży postanowili wesprzeć tych, którzy potrzebują innego rodzaju pomocy. Uruchomili infolinię, dzięki której można poprosić o zrobienie zakupów, a także porozmawiać z psychologiem. 
    ]]>
    </description>
    <pubDate>2020-11-08T14:24:13.000Z</pubDate>
    <guid>https://tvn24.pl/krakow/lomza-infolinia-grupy-ratowniczej-nadzieja-4745705</guid>
</item><item>
    <title><![CDATA["Party in the USA", "Dzisiaj jest dobry dzień!".  Celebryci świętują zwycięstwo Bidena ]]></title>
    <link>https://tvn24.pl/wybory-prezydenckie-2020-w-usa/wybory-prezydenckie-w-usa-joe-biden-wygrywa-celebryci-gratuluja-4745647?source=rss</link>
    <description>
    <![CDATA[
    <img src="https://tvn24.pl/najnowsze/cdn-zdjecie-jhyyir-gratki-celeb-4745685/alternates/LANDSCAPE_1280" alt=""Party in the USA", "Dzisiaj jest dobry dzień!".  Celebryci świętują zwycięstwo Bidena " />
    Gdy media za oceanem okrzyknęły Joe Bidena zwycięzcą wyborów prezydenckich w USA, wielu aktorów, muzyków i sportowców, nie czekając na oficjalne wyniki, skierowało gratulacje pod adresem prezydenta elekta. Nie brakowało wyrazów ulgi z powodu wyborczego rozstrzygnięcia Amerykanów, oznaczającego rychłe zakończenie urzędowania Donalda Trumpa w Białym Domu. 
    ]]>
    </description>
    <pubDate>2020-11-08T14:23:40.000Z</pubDate>
    <guid>https://tvn24.pl/wybory-prezydenckie-2020-w-usa/wybory-prezydenckie-w-usa-joe-biden-wygrywa-celebryci-gratuluja-4745647</guid>
</item><item>
    <title><![CDATA[Lekarka drugi raz zachorowała na COVID-19. "Wydawało mi się, że jest to mało możliwe"]]></title>
    <link>https://tvn24.pl/katowice/koronawirus-w-polsce-tarnowskie-gory-ordynator-szpitala-drugi-raz-zakazona-koronawirusem-4745648?source=rss</link>
    <description>
    <![CDATA[
    <img src="https://tvn24.pl/najnowsze/cdn-zdjecie-fqj8zi-lekarka-drugi-raz-zakazona-koronawirusem-4745701/alternates/LANDSCAPE_1280" alt="Lekarka drugi raz zachorowała na COVID-19. "Wydawało mi się, że jest to mało możliwe"" />
    Doktor Beata Poprawa, ordynatorka szpitala w Tarnowskich Górach po sześciu miesiącach ponownie zakaziła się koronawirusem. Razem z nią zachorowało kilku innych lekarzy i pielęgniarek z oddziału.
    ]]>
    </description>
    <pubDate>2020-11-08T14:22:13.000Z</pubDate>
    <guid>https://tvn24.pl/katowice/koronawirus-w-polsce-tarnowskie-gory-ordynator-szpitala-drugi-raz-zakazona-koronawirusem-4745648</guid>
</item><item>
    <title><![CDATA[Turbulencje przed otwarciem szpitala. Personel ma liczyć 900 osób, zgłosiło się kilkadziesiąt]]></title>
    <link>https://tvn24.pl/wroclaw/koronawirus-w-polsce-wroclaw-problemy-kadrowe-przed-otwarciem-szpitala-tymczasowego-4745660?source=rss</link>
    <description>
    <![CDATA[
    <img src="https://tvn24.pl/najnowsze/cdn-zdjecie-6hxdn0-szpital-tymczasowy-w-centrum-kongresowym-4745693/alternates/LANDSCAPE_1280" alt="Turbulencje przed otwarciem szpitala. Personel ma liczyć 900 osób, zgłosiło się kilkadziesiąt" />
    Zbliża się prognozowany przez wojewodę dolnośląskiego termin otwarcia szpitala tymczasowego we Wrocławiu dla osób zakażonych koronawirusem. Zgodnie z zapowiedzią, ma on rozpocząć funkcjonowanie 20 listopada. Praca na budowie wre. Gorzej z obsadą. Docelowo ma tam pracować 900 osób. Jak dotąd zgłosiło się kilkadziesiąt.
    ]]>
    </description>
    <pubDate>2020-11-08T14:14:24.000Z</pubDate>
    <guid>https://tvn24.pl/wroclaw/koronawirus-w-polsce-wroclaw-problemy-kadrowe-przed-otwarciem-szpitala-tymczasowego-4745660</guid>
</item><item>
    <title><![CDATA[Paryski apartament saudyjskiej księżniczki okradziony. Kobieta w szoku trafiła do szpitala]]></title>
    <link>https://tvn24.pl/biznes/ze-swiata/francja-paryz-apartament-saudyjskiej-ksiezniczki-okradziony-kobieta-w-szoku-trafila-do-szpitala-4745658?source=rss</link>
    <description>
    <![CDATA[
    <img src="https://tvn24.pl/biznes/najnowsze/cdn-zdjecie846e5fd10d790be210121fbd3b2f2b6c-paryz-jest-najabrdziej-atrakcyjnym-miastem-dla-inwestorow-4619014/alternates/LANDSCAPE_1280" alt="Paryski apartament saudyjskiej księżniczki okradziony. Kobieta w szoku trafiła do szpitala" />
    Z paryskiego apartamentu saudyjskiej księżniczki skradziono kosztowności o wartości około 600 tysięcy euro (około 2,7 miliona złotych). Kobieta po odkryciu kradzieży doznała takiego szoku, że musiała zostać przewieziona do szpitala - podał dziennik "Le Parisien".
    ]]>
    </description>
    <pubDate>2020-11-08T13:14:36.000Z</pubDate>
    <guid>https://tvn24.pl/biznes/ze-swiata/francja-paryz-apartament-saudyjskiej-ksiezniczki-okradziony-kobieta-w-szoku-trafila-do-szpitala-4745658</guid>
</item><item>
    <title><![CDATA[Premier: Koronawirus tu jest i zbiera swoje ponure żniwo. Musimy działać wspólnie, być drużyną]]></title>
    <link>https://tvn24.pl/polska/koronawirus-w-polsce-premier-mateusz-morawiecki-apeluje-o-wspolne-dzialania-4745662?source=rss</link>
    <description>
    <![CDATA[
    <img src="https://tvn24.pl/najnowsze/cdn-zdjecie-7874cn-mateusz-morawiecki-4745667/alternates/LANDSCAPE_1280" alt="Premier: Koronawirus tu jest i zbiera swoje ponure żniwo. Musimy działać wspólnie, być drużyną" />
    Nikt nie zapraszał tu koronawirusa, ale on tu jest i musimy go wspólnie pokonać, nie obrażać się na rzeczywistość, nie kłócić i nie wyzywać, ale sobie pomagać - zaapelował premier Mateusz Morawiecki w mediach społecznościowych.
    ]]>
    </description>
    <pubDate>2020-11-08T13:12:47.000Z</pubDate>
    <guid>https://tvn24.pl/polska/koronawirus-w-polsce-premier-mateusz-morawiecki-apeluje-o-wspolne-dzialania-4745662</guid>
</item><item>
    <title><![CDATA[Dwa tysiące nowych zakażeń na Mazowszu. Większość pochodzi z Warszawy]]></title>
    <link>https://tvn24.pl/tvnwarszawa/najnowsze/koronawirus-w-warszawie-i-na-mazowszu-wykres-nowe-zachorowania-i-zmarli-8-listopada-4745663?source=rss</link>
    <description>
    <![CDATA[
    <img src="https://tvn24.pl/najnowsze/cdn-zdjecie-d59p1z-resort-przekazal-nowe-dane-4745677/alternates/LANDSCAPE_1280" alt="Dwa tysiące nowych zakażeń na Mazowszu. Większość pochodzi z Warszawy" />
    Nieco ponad dwa tysiące nowych zakażeń koronawirusem odnotowano w niedzielę na Mazowszu. Prawie 1700 chorych to mieszkańcy stolicy. 
    ]]>
    </description>
    <pubDate>2020-11-08T13:07:08.000Z</pubDate>
    <guid>https://tvn24.pl/tvnwarszawa/najnowsze/koronawirus-w-warszawie-i-na-mazowszu-wykres-nowe-zachorowania-i-zmarli-8-listopada-4745663</guid>
</item><item>
    <title><![CDATA[Bogdan Wenta zakażony koronawirusem. "Życzę Państwu zdrowia, niech ta walka zakończy się zwycięstwem"]]></title>
    <link>https://tvn24.pl/krakow/kielce-prezydent-bogdan-wenta-zakazony-koronawirusem-4745674?source=rss</link>
    <description>
    <![CDATA[
    <img src="https://tvn24.pl/najnowsze/cdn-zdjecie-r65bm1-wenta-4745661/alternates/LANDSCAPE_1280" alt="Bogdan Wenta zakażony koronawirusem. "Życzę Państwu zdrowia, niech ta walka zakończy się zwycięstwem"" />
    Bogdan Wenta, prezydent Kielc, poinformował w mediach społecznościowych o swoim zakażeniu koronawirusem. Zaapelował o ostrożność i stosowanie się do zaleceń służb sanitarnych. 
    ]]>
    </description>
    <pubDate>2020-11-08T12:59:36.000Z</pubDate>
    <guid>https://tvn24.pl/krakow/kielce-prezydent-bogdan-wenta-zakazony-koronawirusem-4745674</guid>
</item><item>
    <title><![CDATA[Roboty nie zabierają pracy ludziom, wręcz przeciwnie. Zaskakująca analiza ]]></title>
    <link>https://tvn24.pl/biznes/ze-swiata/kanada-wedlug-danych-statystycznych-roboty-nie-zabieraja-pracy-ludziom-tylko-zwiekszaja-zatrudnienie-4745626?source=rss</link>
    <description>
    <![CDATA[
    <img src="https://tvn24.pl/biznes/najnowsze/cdn-zdjecie526ccf213244dcbefee8d8a073c4132e-w-sektorze-przemyslowym-robotyzacja-jest-juz-czyms-oczywistym-4337094/alternates/LANDSCAPE_1280" alt="Roboty nie zabierają pracy ludziom, wręcz przeciwnie. Zaskakująca analiza " />
    Większa robotyzacja w firmach nie sprawiła, że zmniejszyło się zatrudnienie - wręcz przeciwnie. Przedsiębiorstwa, które wcześniej zainwestowały w roboty, zatrudniają teraz więcej pracowników na tle swoich branż - oto wnioski kanadyjskich statystyków.
    ]]>
    </description>
    <pubDate>2020-11-08T12:37:28.000Z</pubDate>
    <guid>https://tvn24.pl/biznes/ze-swiata/kanada-wedlug-danych-statystycznych-roboty-nie-zabieraja-pracy-ludziom-tylko-zwiekszaja-zatrudnienie-4745626</guid>
</item>
    </channel>
</rss>